Site Name,County,Latitude,Longitutde,Sum,Animal,Bird,Bear,Elephant,Mink,Horned Bird,Water Spirit,No Tailed Turtle,LT Turtle,Tailed Quadruped,ST Quadruped,LT Quadrupeds,Linear,Unknown,Effigy,Dumbell,Club Linear,Chain,Conical,Bi-Conical,Oval,status ,,,,,,,,,,,,,,,,,,,,
Aves,Grant,42.695651,-90.878687,40,0,1,0,0,0,0,0,0,0,0,0,2,6,0,0,0,0,0,>31,0,0,,,,,,,,,,,,,,,,,,,,,
Bagley,Grant,42.905,-91.101,21,1,0,0,0,0,0,0,0,0,0,1,0,>2,>1,>1,0,0,0,>15,0,0,destroyed,,,,,,,,,,,,,,,,,,,,
Bagley Bluffs,Grant,42.892,-91.07,3,0,1,0,0,0,0,0,0,0,1,0,0,0,0,0,0,0,0,>1,0,0,destroyed,,,,,,,,,,,,,,,,,,,,
Ballfield,Grant,42.992,-91.119,2,0,0,2,0,0,0,0,0,0,0,0,0,0,0,0,0,0,0,0,0,0,partially destroyed,,,,,,,,,,,,,,,,,,,,
Banfill,Grant,42.992,-91.047,6,1,0,0,0,0,0,0,0,0,0,0,0,3,0,0,0,0,0,>2,0,0,destroyed,,,,,,,,,,,,,,,,,,,,
Bird Mound (Schlundt),Grant,43.049,-90.941,1,0,1,0,0,0,0,0,0,0,0,0,0,0,0,0,0,0,0,0,0,0,destroyed,,,,,,,,,,,,,,,,,,,,
Bird Mound (Hughes),Grant,42.792,-90.846,1,0,1,0,0,0,0,0,0,0,0,0,0,0,0,0,0,0,0,0,0,0,destroyed,,,,,,,,,,,,,,,,,,,,
Burr Oak Farm,Grant,42.709,-90.738,5,0,1,0,0,0,0,0,0,0,0,0,0,1,0,0,0,0,0,3,0,0,destroyed,,,,,,,,,,,,,,,,,,,,
C-07,Grant,42.708,-90.902,9,0,0,1,0,0,0,0,0,0,0,2,0,>4,0,0,0,0,0,>2,0,0,unknown,,,,,,,,,,,,,,,,,,,,
C-08,Grant,42.7,-90.936,2,0,0,0,0,0,0,2,0,0,0,0,0,0,0,0,0,0,0,0,0,0,unknown,,,,,,,,,,,,,,,,,,,,
Cammack,Grant,42.675,-90.771,1,0,0,0,0,0,0,0,1,0,0,0,0,0,0,0,0,0,0,0,0,0,intact,,,,,,,,,,,,,,,,,,,,
Conical,Grant,42.778,-90.835,8,0,2,0,0,0,0,0,0,0,0,0,0,2,0,0,0,0,0,4,0,0,unknown,,,,,,,,,,,,,,,,,,,,
Eagle Valley #2,Grant,42.794,-91.066,1,0,1,0,0,0,0,0,0,0,0,0,0,0,0,0,0,0,0,0,0,0,intact (protected),,,,,,,,,,,,,,,,,,,,
Eagle Valley #3,Grant,42.786,-91.066,55,0,1,0,0,0,0,0,0,0,0,0,0,5,0,0,0,2,4,41,1,1,intact,,,,,,,,,,,,,,,,,,,,
Eckstein-Ploessi,Grant,42.722,-90.844,15,0,3,0,0,0,0,0,0,0,0,0,0,0,0,0,0,0,0,11,0,1,unknown,,,,,,,,,,,,,,,,,,,,
Elephant,Grant,42.89,-91.086,6,0,1,0,1,0,0,0,0,0,0,0,0,2,0,0,0,0,0,>2,0,0,unknown,,,,,,,,,,,,,,,,,,,,
English Prairie,Grant,43.179,-90.489,102,0,0,0,1,0,1,0,0,0,0,0,0,0,~100,0,0,0,0,0,0,0,unknown,,,,,,,,,,,,,,,,,,,,
Fenley,Grant,42.576,-90.651,3,0,0,1,0,0,0,0,0,0,0,0,0,>1,0,0,1,0,0,0,0,0,intact,,,,,,,,,,,,,,,,,,,,
Gifford,Grant,42.956,-91.122,1,0,0,1,0,0,0,0,0,0,0,0,0,0,0,0,0,0,0,0,0,0,unknown,,,,,,,,,,,,,,,,,,,,
Jack Oak Slough,Grant,42.703,-90.963,53,0,2,1,0,0,0,0,0,1,0,1,0,6,0,0,0,0,0,42,0,0,destroyed,,,,,,,,,,,,,,,,,,,,
Little Grant River,Grant,42.851,-90.823,2,0,2,0,0,0,0,0,0,0,0,0,0,0,0,0,0,0,0,0,0,0,unkown,,,,,,,,,,,,,,,,,,,,
Lost Bear,Grant,42.952,-91.128,1,0,0,1,0,0,0,0,0,0,0,0,0,0,0,0,0,0,0,0,0,0,unknown,,,,,,,,,,,,,,,,,,,,
McCartney,Grant,42.686,-90.859,3,0,1,0,0,0,0,0,0,0,0,0,0,0,0,0,0,0,0,2,0,0,unknown,,,,,,,,,,,,,,,,,,,,
McCartney (Ridge),Grant,42.684,-90.85,2,0,1,0,0,0,0,0,0,0,0,0,0,1,0,0,0,0,0,0,0,0,unknown,,,,,,,,,,,,,,,,,,,,
McLean,Grant,42.851,-90.813,2,0,2,0,0,0,0,0,0,0,0,0,0,0,0,0,0,0,0,0,0,0,intact,,,,,,,,,,,,,,,,,,,,
Meng,Grant,42.956,-91.119,1,0,1,0,0,0,0,0,0,0,0,0,0,0,0,0,0,0,0,0,0,0,unknown,,,,,,,,,,,,,,,,,,,,
Muscoda,Grant,43.196,-90.438,39,0,3,0,0,0,0,0,0,0,0,0,3,10,0,0,0,0,0,23,0,0,intact,,,,,,,,,,,,,,,,,,,,
Nick Adams,Grant,42.762,-90.83,47,0,6,0,0,0,0,0,0,0,0,0,0,5,0,2,0,0,0,34,0,0,unknown,,,,,,,,,,,,,,,,,,,,
Palmer Wanders,Grant,42.582,-90.659,1,0,0,1,0,0,0,0,0,0,0,0,0,0,0,0,0,0,0,0,0,0,unknown,,,,,,,,,,,,,,,,,,,,
Panther Ridge #1/#2,Grant,42.781,-91.069,12,0,0,0,0,0,0,0,0,0,0,1,0,1,0,0,0,0,0,10,0,0,unknown,,,,,,,,,,,,,,,,,,,,
Potosi,Grant,42.694,-90.719,3,0,0,0,0,0,0,0,0,1,1,0,0,1,0,0,0,0,0,0,0,0,destroyed,,,,,,,,,,,,,,,,,,,,
Procession of Mounds,Grant,42.98,-91.11,26,0,0,4,0,0,0,0,0,0,0,0,1,1,0,0,0,0,0,20,0,0,intact (protected),,,,,,,,,,,,,,,,,,,,
Raisbeck,Grant,42.758,-90.87,82,0,14,0,0,0,0,0,0,0,0,11,0,13,0,0,0,1,1,42,0,0,unknown,,,,,,,,,,,,,,,,,,,,
Riverside Park,Grant,42.711,-90.988,2,0,1,0,0,0,0,0,0,0,0,0,0,1,0,0,0,0,0,0,0,0,partially destroyed,,,,,,,,,,,,,,,,,,,,
Robert Glenn,Grant,42.965,-91.135,14,0,0,2,0,0,0,0,0,0,0,0,0,8,0,0,0,0,0,4,0,0,intact (protected),,,,,,,,,,,,,,,,,,,,
Sander's Creek,Grant,43.137,-90.722,9,0,2,0,0,0,0,0,0,0,0,0,0,5,0,0,0,0,0,2,0,0,unknown,,,,,,,,,,,,,,,,,,,,
Schnee,Grant,42.981,-91.068,1,0,0,0,0,0,0,0,0,1,0,0,0,0,0,0,0,0,0,0,0,0,unknown,,,,,,,,,,,,,,,,,,,,
Sentinel Ridge,Grant,42.983,-91.124,28,0,0,1,0,0,0,0,0,0,0,0,0,12,0,0,0,0,0,15,0,0,intact,,,,,,,,,,,,,,,,,,,,
Singular,Grant,43.029,-90.928,1,0,0,0,0,0,0,0,0,0,0,0,0,0,1,0,0,0,0,0,0,0,destroyed,,,,,,,,,,,,,,,,,,,,
Ski Jump,Grant,42.839,-90.817,5,0,3,0,0,0,0,0,0,0,0,0,0,1,0,0,0,0,0,1,0,0,intact,,,,,,,,,,,,,,,,,,,,
South Point,Grant,42.995,-91.14,4,0,0,1,0,0,0,0,0,1,0,0,0,0,0,0,0,0,0,2,0,0,destroyed,,,,,,,,,,,,,,,,,,,,
Spook Hill,Grant,42.972,-91.116,5,0,0,2,0,0,0,0,0,0,0,0,0,1,0,0,0,0,2,0,0,0,unknown,,,,,,,,,,,,,,,,,,,,
Tertiary,Grant,42.75,-91.045,4,0,0,0,0,0,0,0,0,0,1,0,0,1,0,0,0,0,2,0,0,0,unknown,,,,,,,,,,,,,,,,,,,,
Uddelhoven #1,Grant,42.686,-90.844,3,0,0,1,0,0,0,0,0,0,0,0,0,1,0,0,0,0,0,1,0,0,partially destroyed,,,,,,,,,,,,,,,,,,,,
Uppena #1,Grant,42.702,-90.909,27,0,2,0,0,0,0,0,0,0,1,0,0,5,0,1,0,0,0,18,0,0,unknown,,,,,,,,,,,,,,,,,,,,
Uppena #2,Grant,42.703,-90.926,1,0,1,0,0,0,0,0,0,0,0,0,0,0,0,0,0,0,0,0,0,0,partially destroyed,,,,,,,,,,,,,,,,,,,,
Ursus,Grant,42.71,-90.886,59,0,0,3,0,0,0,0,0,0,0,0,0,8,0,0,0,0,0,48,0,0,destroyed,,,,,,,,,,,,,,,,,,,,
WA 12,Grant,42.69,-90.888,6,0,0,0,0,0,0,0,0,0,0,1,0,0,0,0,0,0,0,5,0,0,destroyed,,,,,,,,,,,,,,,,,,,,
Wyalusing A,Grant,42.949,-91.136,1,0,0,1,0,0,0,0,0,0,0,0,0,0,0,0,0,0,0,0,0,0,destroyed,,,,,,,,,,,,,,,,,,,,
Wyalusing,Grant,42.943,-91.136,2,0,0,0,0,0,0,0,0,0,0,0,0,2,0,0,0,0,0,0,0,0,destroyed,,,,,,,,,,,,,,,,,,,,
Yearous,Grant,42.685,-90.774,7,0,2,0,0,0,0,0,0,0,0,0,0,1,0,0,0,0,0,4,0,0,unknown,,,,,,,,,,,,,,,,,,,,
Cushman,Iowa,42.817,-90.329,2,0,0,0,0,0,0,0,0,0,1,0,0,0,0,0,0,0,0,1,0,0,destroyed,,,,,,,,,,,,,,,,,,,,
Fitzimmons,Iowa,42.905,-90.039,4,0,1,0,0,0,0,0,0,0,0,1,0,1,0,0,0,0,0,1,0,0,intact,,,,,,,,,,,,,,,,,,,,
Peniel Church,Iowa,42.829,-90.334,10,0,0,1,0,0,0,0,0,0,0,0,2,7,0,0,0,0,0,0,0,0,intact,,,,,,,,,,,,,,,,,,,,
Sawle,Iowa,43.153,-89.865,2,0,0,0,0,0,0,0,0,0,0,1,0,0,0,0,0,0,0,1,0,0,unknown,,,,,,,,,,,,,,,,,,,,
Sider-Culver,Iowa,43.161,-90.192,19,0,0,1,0,0,0,0,0,0,0,0,0,9,0,0,0,0,0,9,0,0,intact,,,,,,,,,,,,,,,,,,,,
Siamese Birds,Iowa,43.203,-90.356,3,0,3,0,0,0,0,0,0,0,0,0,0,0,0,0,0,0,0,0,0,0,partially destroyed,,,,,,,,,,,,,,,,,,,,
Whatsit,Iowa,43.197,-90.403,3,0,0,0,0,0,0,0,0,0,0,0,0,1,1,0,0,0,0,1,0,0,intact,,,,,,,,,,,,,,,,,,,,
Wolf Trap,Iowa,43.206,-90.329,13,0,0,0,0,0,0,0,0,0,0,0,1,>6,>1,0,0,0,0,>5,0,0,unknown,,,,,,,,,,,,,,,,,,,,
Anderson,Lafayette,42.58,-89.866,28,0,0,0,0,0,0,0,0,1,0,0,0,13,0,0,0,0,0,14,0,0,unknown,,,,,,,,,,,,,,,,,,,,
Kerber,Lafayette,42.66,-90.067,16,0,0,2,0,0,0,0,0,0,0,0,0,8,0,0,0,0,0,6,0,0,intact,,,,,,,,,,,,,,,,,,,,
Adams Street Bear,Dane,43.069,-89.407,2,0,0,1,0,0,0,0,0,0,0,0,0,0,0,0,0,0,0,0,0,1,destroyed,0,0,0,0,0,0,0,,,,,,,,,,,,,
Arboretum Woods,Dane,43.047,-89.429,12,0,1,0,0,0,0,0,0,0,0,0,0,0,6,0,0,0,0,0,0,4,partially destroyed,0,0,0,0,0,0,0,,,,,,,,,,,,,
B-25,Dane,43.134,-89.394,2,0,1,0,0,0,0,0,0,0,0,0,0,0,0,0,0,0,0,0,0,0,intact,0,0,0,0,0,0,0,,,,,,,,,,,,,
Ballweg,Dane,43.276,-89.681,2,0,1,0,0,0,0,0,0,0,0,0,0,0,1,0,0,0,0,0,0,0,intact,0,0,0,0,0,0,0,,,,,,,,,,,,,
Barber,Dane,42.958,-89.284,85,2,0,0,0,0,0,0,0,0,0,0,0,2,20,0,0,0,0,0,4,57,,0,0,0,0,0,0,0,,,,,,,,,,,,,
Baskerville Park,Dane,43.107,-89.479,26,0,2,1,0,0,0,0,0,0,0,0,1,0,19,1,0,0,0,0,0,2,partially destroyed,0,0,0,0,0,0,0,,,,,,,,,,,,,
Bird,Dane,43.001,-89.306,1,0,1,0,0,0,0,0,0,0,0,0,0,0,0,0,0,0,0,0,0,0,destroyed,0,0,0,0,0,0,0,,,,,,,,,,,,,
Black Earth,Dane,43.135,-89.749,1,0,1,0,0,0,0,0,0,0,0,0,0,0,0,0,0,0,0,0,0,0,intact,0,0,0,0,0,0,0,,,,,,,,,,,,,
Blackhawk Country Club,Dane,43.08,-89.453,12,0,1,3,0,0,0,0,0,0,0,0,0,1,0,3,0,0,0,0,0,3,partially destroyed,1,0,0,0,0,0,0,,,,,,,,,,,,,
Blue Mounds #1,Dane,43.025,-89.681,16,1,1,6,0,0,0,0,0,0,0,0,0,0,7,0,0,0,0,0,0,1,destroyed,0,0,0,0,0,0,0,,,,,,,,,,,,,
Blue Mounds #2,Dane,43.013,-89.824,3,0,1,0,0,0,0,0,0,0,0,0,0,0,0,0,1,0,0,0,0,0,partially destroyed,0,0,1,0,0,0,0,,,,,,,,,,,,,
Blue Mounds Trail,Dane,43.082,-89.532,2,0,0,0,0,0,0,0,0,0,0,0,0,2,0,0,0,0,0,0,0,0,unknown,0,0,0,0,0,0,0,,,,,,,,,,,,,
Bridge Road,Dane,43.049,-89.34,36,1,0,0,0,0,0,0,0,0,0,0,0,0,4,0,1,0,0,0,0,30,unknown,0,0,0,0,0,0,0,,,,,,,,,,,,,
Bryant,Dane,43.024,-89.357,7,0,0,0,0,0,0,0,0,0,0,0,0,0,2,0,1,1,0,0,0,1,destroyed,0,1,0,0,0,0,0,,,,,,,,,,,,,
Burrow's Park Bird,Dane,43.102,-89.368,2,0,1,0,0,0,0,0,0,0,0,0,0,1,0,0,0,0,0,0,0,0,intact (protected),0,0,0,0,0,0,0,,,,,,,,,,,,,
C. M. Colladay #1,Dane,42.964,-89.278,4,0,1,0,0,0,0,0,0,0,0,0,0,0,2,0,0,0,0,0,0,1,partially destroyed,0,0,0,0,0,0,0,,,,,,,,,,,,,
Camp Leonard,Dane,43.005,-89.307,6,0,3,0,0,0,0,0,0,0,0,0,0,0,1,0,0,0,0,0,0,2,unknown,0,0,0,0,0,0,0,,,,,,,,,,,,,
Capitol Park,Dane,43.075,-89.383,1,0,0,0,0,0,0,0,0,0,0,1,0,0,0,0,0,0,0,0,0,0,destroyed,0,0,0,0,0,0,0,,,,,,,,,,,,,
Colladay Point,Dane,42.962,-89.275,13,0,0,0,0,0,0,0,0,0,0,0,0,0,3,1,0,0,0,0,0,8,destroyed,0,0,1,0,0,0,0,,,,,,,,,,,,,
Crystal Lake,Dane,43.285,-89.611,5,0,0,0,0,0,0,0,1,0,0,0,0,0,0,0,0,1,0,0,0,3,partially destroyed,0,0,0,0,0,0,0,,,,,,,,,,,,,
Dale (or Evan-Nelson),Dane,43.018,-89.291,3,1,0,0,0,0,0,0,0,0,0,0,0,0,2,0,0,0,0,0,0,0,unknown,0,0,0,0,0,0,0,,,,,,,,,,,,,
Deansville,Dane,43.177,-89.095,4,0,1,0,0,0,0,0,0,0,0,0,0,0,0,1,0,0,0,0,0,2,partially destroyed,0,0,0,0,0,0,0,,,,,,,,,,,,,
Dividing Ridge,Dane,43.053,-89.399,34,0,3,0,0,0,0,1,0,0,0,0,0,0,10,1,0,0,0,0,0,13,destroyed,0,4,0,0,0,0,0,,,,,,,,,,,,,
E-Way,Dane,43.029,-89.367,6,0,,0,0,0,0,0,0,0,0,0,0,0,3,0,0,1,0,0,0,2,unknown,0,0,0,0,0,0,0,,,,,,,,,,,,,
East Bank,Dane,43.275,-89.712,10,0,3,0,0,0,0,0,0,0,0,0,0,0,6,0,0,0,0,0,0,1,unknown,0,0,0,0,0,0,0,,,,,,,,,,,,,
Edgewood,Dane,43.049,-89.413,24,0,1,2,0,0,0,0,0,0,0,0,0,1,2,2,0,0,0,0,0,15,intact (protected),0,0,0,0,0,0,0,,,,,,,,,,,,,
Edward's Park,Dane,43.029,-89.306,11,0,0,0,0,0,0,0,0,0,0,2,0,1,4,0,0,0,0,0,0,3,partially destroyed,0,1,0,0,0,0,0,,,,,,,,,,,,,
Eighmy,Dane,43.033,-89.303,4,0,0,0,0,0,0,0,0,0,1,0,0,0,2,0,0,0,0,0,0,1,partially destroyed,0,0,0,0,0,0,0,,,,,,,,,,,,,
Elmside Park,Dane,43.09,-89.342,23,0,4,2,0,0,0,0,0,0,0,0,0,0,4,0,2,0,0,0,0,9,partially destroyed,0,2,0,0,0,0,0,,,,,,,,,,,,,
Eva,Dane,43.062,-89.419,8,0,0,1,0,0,0,0,0,0,0,0,0,0,6,0,0,0,0,0,0,1,unknown,0,0,0,0,0,0,0,,,,,,,,,,,,,
Evans,Dane,42.984,-89.32,3,0,0,0,0,0,0,0,0,0,0,0,0,0,0,0,2,1,0,0,0,0,partially destroyed,0,0,0,0,0,0,0,,,,,,,,,,,,,
Fairhaven,Dane,43.049,-89.325,6,0,0,0,0,0,0,0,0,0,0,0,0,1,3,1,0,0,0,0,0,0,destroyed,0,0,0,0,0,0,0,,,,,,,,,,,,,
Farwell's Point,Dane,43.132,-89.408,37,0,2,1,0,0,0,0,0,0,0,0,0,1,10,0,0,0,0,0,0,19,intact (protected),1,0,2,0,0,0,0,,,,,,,,,,,,,
Fitzgibbon,Dane,43.156,-89.458,7,0,0,0,0,0,0,0,0,0,0,1,0,0,1,0,0,0,0,0,0,5,partially destroyed,0,0,0,0,0,0,0,,,,,,,,,,,,,
Forest Hill Cemetery,Dane,43.06,-89.432,7,0,0,0,0,0,0,0,0,0,0,0,0,2,4,0,0,0,0,0,0,0,partially destroyed (protected),1,0,0,0,0,0,0,,,,,,,,,,,,,
Fox's Bluff,Dane,43.111,-89.453,5,0,0,0,0,0,0,0,0,0,0,0,0,0,0,0,0,0,0,0,1,3,intact,0,0,0,0,0,0,0,,,,,,,,,,,,,
Frost Woods,Dane,43.055,-89.335,11,0,1,0,0,0,0,0,0,0,0,0,0,1,3,3,0,0,0,0,0,3,partially destroyed,0,0,0,0,0,0,0,,,,,,,,,,,,,
Fuller Woods,Dane,43.091,-89.374,48,0,3,1,0,0,0,0,0,1,0,0,0,0,5,0,0,0,0,0,0,37,partially destroyed,0,0,0,1,0,0,0,,,,,,,,,,,,,
Gallistel Woods,Dane,43.045,-89.424,4,0,0,0,0,0,0,0,0,0,0,0,0,1,2,0,0,0,0,0,0,1,intact (protected),0,0,0,0,0,0,0,,,,,,,,,,,,,
Ghost Ridge,Dane,43.098,-89.301,3,0,1,0,0,0,0,0,0,0,0,0,0,0,2,0,0,0,0,0,0,0,destroyed,0,0,0,0,0,0,0,,,,,,,,,,,,,
Gilman,Dane,43.03,-89.351,2,0,0,0,0,1,0,0,0,0,0,0,0,0,1,0,0,0,0,0,0,0,destroyed,0,0,0,0,0,0,0,,,,,,,,,,,,,
Glenway,Dane,43.056,-89.431,3,0,,1,0,1,0,0,0,0,0,0,0,0,1,0,0,0,0,0,0,0,destroyed,0,0,0,0,0,0,0,,,,,,,,,,,,,
Greenbush,Dane,43.059,-89.405,18,1,4,0,0,0,0,0,0,0,0,0,0,0,2,1,0,0,0,0,0,7,destroyed,1,0,1,0,0,0,0,,,,,,,,,,,,,
H. P. Hall Bird,Dane,43.128,-89.316,1,0,1,0,0,0,0,0,0,0,0,0,0,0,0,0,0,0,0,0,0,0,unknown,0,0,0,0,0,0,0,,,,,,,,,,,,,
Halverson/Pflaum-McWilliams,Dane,43.052,-89.317,15,0,0,0,0,0,0,0,0,0,0,0,1,0,11,0,0,0,0,0,0,2,partially destroyed (protected),0,0,0,0,0,0,0,,,,,,,,,,,,,
Hanson,Dane,43.032,-89.226,2,0,0,0,0,0,0,0,0,0,1,0,0,0,0,0,0,0,1,0,0,0,intact,0,0,0,0,0,0,0,,,,,,,,,,,,,
Heim,Dane,43.098,-89.498,1,0,0,0,0,0,0,0,0,0,0,0,0,1,0,0,0,0,0,0,0,0,intact (protected),0,0,0,0,0,0,0,,,,,,,,,,,,,
Hornung,Dane,43.258,-89.694,12,0,1,2,0,0,0,0,0,0,0,0,0,0,3,0,1,0,0,0,0,3,partially destroyed,0,0,0,0,0,0,0,,,,,,,,,,,,,
Inama,Dane,43.259,-89.702,3,0,2,0,0,0,0,0,0,0,0,0,0,0,0,0,1,0,0,0,0,0,destroyed,0,0,0,0,0,0,0,,,,,,,,,,,,,
Jaggi,Dane,42.954,-89.549,3,0,0,0,0,0,0,0,0,0,0,1,0,0,0,0,0,0,0,0,0,2,unknown,0,0,0,0,0,0,0,,,,,,,,,,,,,
Jefferson Street Bear,Dane,43.059,-89.421,1,0,0,1,0,0,0,0,0,0,0,0,0,0,0,0,0,0,0,0,0,0,destroyed,0,0,0,0,0,0,0,,,,,,,,,,,,,
Kennedy Pond,Dane,43.122,-89.447,9,0,2,0,0,0,0,0,0,0,0,0,0,0,3,1,0,0,0,0,0,0,partially destroyed,0,0,0,0,0,0,0,,,,,,,,,,,,,
Koshkonong,Dane,42.85,-89.018,75,0,0,1,0,0,0,0,0,0,1,0,0,3,2,1,0,0,0,1,0,57,destroyed,0,1,1,0,1,0,0,,,,,,,,,,,,,
Lake Edge Park,Dane,43.085,-89.324,8,0,0,0,0,0,0,0,1,0,0,0,0,0,3,0,0,0,0,2,0,2,partially destroyed (protected),0,0,0,0,0,0,0,,,,,,,,,,,,,
Lake Forest #2,Dane,43.047,-89.419,4,0,0,0,0,0,0,0,0,0,1,0,0,2,1,0,0,0,0,0,0,0,partially destroyed (protected),0,0,0,0,0,0,0,,,,,,,,,,,,,
Lake Monona,Dane,43.058,-89.35,3,1,0,0,0,0,0,0,0,0,0,0,0,0,0,0,0,0,0,0,0,2,unknown,0,0,0,0,0,0,0,,,,,,,,,,,,,
Lakeside Hotel,Dane,43.052,-89.394,2,0,0,0,0,0,0,0,0,0,0,0,0,1,0,0,0,0,0,0,0,0,destroyed,0,0,0,0,0,0,0,,,,,,,,,,,,,
Larson Park,Dane,43.017,-89.303,5,0,0,2,0,0,0,0,0,0,0,0,0,0,0,0,0,0,0,0,0,3,destroyed,0,0,0,0,0,0,0,,,,,,,,,,,,,
Laufenburg,Dane,43.034,-89.697,3,0,0,0,0,0,0,0,1,0,0,0,0,0,0,0,0,0,1,0,0,1,intact,0,0,0,0,0,0,0,,,,,,,,,,,,,
Lee,Dane,43.015,-89.242,5,0,0,0,0,0,0,0,0,0,0,0,0,0,2,0,1,0,0,0,0,0,destroyed,0,1,1,0,0,0,0,,,,,,,,,,,,,
Lewis,Dane,43.013,-89.3,9,0,0,0,0,0,0,0,0,0,0,0,1,0,5,0,0,0,0,0,0,2,partially destroyed (protected),0,1,0,0,0,0,0,,,,,,,,,,,,,
Lewis Effigy,Dane,43.061,-89.408,1,0,0,0,0,0,0,0,0,0,0,0,0,0,0,0,0,0,0,0,0,0,destroyed,0,0,0,0,0,1,0,,,,,,,,,,,,,
Locke,Dane,43.055,-89.63,4,0,0,2,0,0,0,0,0,0,0,0,1,0,1,0,0,0,0,0,0,0,unknown,0,0,0,0,0,0,0,,,,,,,,,,,,,
Lohff,Dane,43.021,-89.706,6,0,0,2,0,0,0,0,0,0,0,0,0,0,1,0,0,0,0,1,0,2,unknown,0,0,0,0,0,0,0,,,,,,,,,,,,,
Maple Bluff,Dane,43.113,-89.372,22,0,12,0,0,0,0,0,0,0,1,0,0,3,0,0,0,0,0,0,0,0,destroyed,4,1,1,0,0,0,0,,,,,,,,,,,,,
Maple Bluff #2,Dane,43.12,-89.379,18,0,0,0,0,0,0,0,0,0,0,0,0,0,2,5,0,0,0,0,0,10,unknown,0,1,0,0,0,0,0,,,,,,,,,,,,,
McConnell,Dane,43.008,-89.334,17,0,2,1,0,0,0,0,0,0,0,0,2,0,3,5,0,0,0,0,0,2,intact,0,0,2,0,0,0,0,,,,,,,,,,,,,
Melburg,Dane,42.915,-89.095,2,0,1,0,0,0,0,0,0,0,0,0,0,0,1,0,0,0,0,0,0,0,destroyed,0,0,0,0,0,0,0,,,,,,,,,,,,,
Mendota Hills Bird,Dane,43.13,-89.38,6,2,1,0,0,0,0,0,0,0,0,0,0,0,3,0,0,0,0,0,0,0,destroyed,0,0,0,0,0,0,0,,,,,,,,,,,,,
Mendota School,Dane,43.142,-89.384,1,0,1,0,0,0,0,0,0,0,0,0,0,0,0,0,0,0,0,0,0,0,destroyed,0,0,0,0,0,0,0,,,,,,,,,,,,,
Mendota State Hospital,Dane,43.13,-89.393,22,1,4,3,0,0,0,0,0,0,0,0,0,0,3,1,1,0,0,1,0,5,partially destroyed (protected),0,0,0,0,0,1,0,,,,,,,,,,,,,
Merrill Springs II,Dane,43.087,-89.474,18,0,1,2,0,0,0,0,0,0,0,0,0,0,2,0,0,0,0,0,1,10,intact (protected),0,0,0,0,2,0,0,,,,,,,,,,,,,
Military Road Bear,Dane,43.048,-89.641,1,0,0,1,0,0,0,0,0,0,0,0,0,0,0,0,0,0,0,0,0,0,unknown,0,0,0,0,0,0,0,,,,,,,,,,,,,
Mill Woods,Dane,43.09,-89.346,22,0,1,2,0,0,0,0,0,0,0,0,0,0,7,2,0,0,0,0,0,8,partially destroyed,1,0,0,0,0,0,0,,,,,,,,,,,,,
Monona Avenue Park,Dane,43.071,-89.384,3,0,0,0,0,0,0,1,0,0,0,0,0,0,0,0,0,0,0,0,0,2,destroyed,0,0,0,0,0,0,0,,,,,,,,,,,,,
Monona Drive,Dane,43.077,-89.324,26,0,0,2,0,0,0,0,0,0,0,0,0,0,1,0,22,0,0,0,0,1,destroyed,0,0,0,0,0,0,0,,,,,,,,,,,,,
Monroe Street,Dane,43.061,-89.424,36,0,2,0,0,0,0,0,0,0,0,0,0,2,5,0,0,0,0,0,0,26,destroyed,0,1,0,0,0,0,0,,,,,,,,,,,,,
Moore,Dane,43.019,-89.248,3,0,0,0,0,0,0,0,0,0,0,0,0,1,1,0,0,0,0,0,0,0,partially destroyed (protected),1,0,0,0,0,0,0,,,,,,,,,,,,,
Morris Park 1/YMCA Cam,Dane,43.133,-89.433,7,0,1,0,0,0,0,0,0,0,0,0,0,0,0,0,0,0,0,0,0,4,intact,1,0,0,0,0,0,0,,,,,,,,,,,,,
Morris Park 2,Dane,43.123,-89.439,13,1,0,0,0,0,0,0,0,0,0,0,1,0,1,1,0,0,0,0,0,7,intact (protected),0,0,0,0,0,0,0,,,,,,,,,,,,,
ML Pleasant,Dane,43.001,-89.226,4,0,0,0,0,0,0,0,0,0,0,0,1,0,3,0,0,0,0,0,0,0,intact,0,0,0,0,0,0,0,,,,,,,,,,,,,
Murphy Creek,Dane,43.055,-89.396,13,0,2,0,0,0,0,0,0,0,0,0,0,0,3,0,0,0,0,0,0,8,destroyed,0,0,0,0,0,0,0,,,,,,,,,,,,,
Nine Mounds,Dane,43.004,-89.566,10,1,0,0,0,0,0,0,0,0,0,0,0,0,0,0,0,0,0,0,0,9,destroyed,0,0,0,0,0,0,0,,,,,,,,,,,,,
Noe Springs,Dane,42.861,-89.029,70,1,0,0,0,0,0,0,0,0,0,2,0,0,3,1,0,0,0,4,1,49,partially destroyed,0,5,3,0,0,0,0,,,,,,,,,,,,,
Nondahl,Dane,43.022,-89.296,3,0,0,1,0,0,0,0,0,0,0,0,0,0,2,0,0,0,0,0,0,0,partially destroyed,0,0,0,0,0,0,0,,,,,,,,,,,,,
North,Dane,42.866,-89.02,1,0,0,0,0,0,0,0,0,0,0,0,0,0,0,0,0,1,0,0,0,0,destroyed,0,0,0,0,0,0,0,,,,,,,,,,,,,
Observatory Hill,Dane,43.077,-89.419,5,0,1,0,0,0,0,0,0,0,1,1,0,0,1,0,0,0,0,0,0,1,destroyed,0,0,0,0,0,0,0,,,,,,,,,,,,,
Oscar Meyer,Dane,43.112,-89.362,11,0,4,0,0,0,0,0,0,0,1,0,0,0,6,0,0,0,0,0,0,0,destroyed,0,0,0,0,0,0,0,,,,,,,,,,,,,
Pheasant Branch Grove,Dane,43.131,-89.483,5,0,2,0,0,0,0,0,0,0,0,0,0,0,1,0,0,0,0,0,0,2,destroyed,0,0,0,0,0,0,0,,,,,,,,,,,,,
Picnic Point Bay,Dane,43.077,-89.426,2,0,0,0,0,0,0,0,0,0,0,0,0,1,1,0,0,0,0,0,0,0,destroyed,0,0,0,0,0,0,0,,,,,,,,,,,,,
Pine Bluff,Dane,43.04,-89.651,4,0,0,2,0,0,0,0,0,0,0,0,0,0,2,0,0,0,0,0,0,0,destroyed,0,0,0,0,0,0,0,,,,,,,,,,,,,
Piper,Dane,43.055,-89.461,12,0,2,0,0,0,0,0,0,0,0,0,0,0,10,0,0,0,0,0,0,0,destroyed,0,0,0,0,0,0,0,,,,,,,,,,,,,
Pleasant Springs,Dane,43.236,-89.163,6,0,1,0,0,0,0,0,0,0,0,0,0,0,2,0,0,0,0,0,0,3,partially destroyed,0,0,0,0,0,0,0,,,,,,,,,,,,,
Roth,Dane,43.033,-89.228,1,0,0,0,0,0,0,0,0,0,0,0,0,1,0,0,0,0,0,0,0,0,destroyed,0,0,0,0,0,0,0,,,,,,,,,,,,,
Sauterhoff,Dane,43.14,-89.404,1,0,0,1,0,0,0,0,0,0,0,0,0,0,0,0,0,0,0,0,0,0,intact,0,0,0,0,0,0,0,,,,,,,,,,,,,
Shepards Marsh,Dane,43.193,-89.071,3,0,1,0,0,0,0,0,0,0,0,0,0,0,0,0,2,0,0,0,0,0,unknown,0,0,0,0,0,0,0,,,,,,,,,,,,,
South Lake Waubesa,Dane,43.001,-89.316,6,0,1,0,0,0,0,0,0,0,0,0,0,0,2,2,0,0,0,0,0,1,destroyed,0,0,0,0,0,0,0,,,,,,,,,,,,,
Spring Harbor,Dane,43.081,-89.481,5,0,1,1,0,0,0,0,0,0,0,0,0,0,2,1,0,0,0,0,0,0,partially destroyed,0,0,0,0,0,0,0,,,,,,,,,,,,,
Stone Quarry,Dane,43.07,-89.461,5,0,1,1,0,1,0,0,0,0,0,0,0,0,1,0,0,0,0,0,1,0,unknown,0,0,0,0,0,0,0,,,,,,,,,,,,,
Sugar Bush,Dane,43.11,-89.36,5,0,1,0,0,0,0,0,0,0,0,0,0,1,3,0,0,0,0,0,0,0,destroyed,0,0,0,0,0,0,0,,,,,,,,,,,,,
Sure Johnson,Dane,43.005,-89.287,28,1,1,0,0,0,0,0,0,0,0,0,1,0,17,0,0,0,0,2,0,6,partially destroyed (protected),0,0,0,0,0,0,0,,,,,,,,,,,,,
Third Lake,Dane,43.058,-89.341,1,0,0,0,0,0,0,0,1,0,0,0,0,0,0,0,0,0,0,0,0,0,unknown,0,0,0,0,0,0,0,,,,,,,,,,,,,
Tracks,Dane,43.102,-89.361,2,0,0,0,0,0,0,0,0,0,0,0,0,0,1,0,0,1,0,0,0,0,unknown,0,0,0,0,0,0,0,,,,,,,,,,,,,
University Ridge,Dane,43.083,-89.428,4,0,1,0,0,0,0,0,0,0,0,0,0,0,3,0,0,0,0,0,0,0,destroyed,0,0,0,0,0,0,0,,,,,,,,,,,,,
Uphoff Ridge,Dane,43.016,-89.358,5,0,0,0,0,0,0,0,0,0,0,0,1,0,1,2,0,0,0,1,0,0,intact,0,0,0,0,0,0,0,,,,,,,,,,,,,
Vilas Circle Drive,Dane,43.069,-89.417,3,0,0,1,0,0,0,0,0,0,0,0,0,0,2,0,0,0,0,0,0,0,partially destroyed (protected),0,0,0,0,0,0,0,,,,,,,,,,,,,
Vilas Park,Dane,43.06,-89.419,11,0,2,0,0,0,0,0,0,0,0,0,0,0,1,0,0,0,0,0,0,8,partially destroyed (protected),0,0,0,0,0,0,0,,,,,,,,,,,,,
W. E. Colladay,Dane,42.964,-89.277,9,0,0,1,0,0,0,0,0,0,0,0,0,0,7,0,0,0,0,0,0,1,intact (protected),0,0,0,0,0,0,0,,,,,,,,,,,,,
Wa-che-et-cha,Dane,43.006,-89.307,3,0,1,0,0,0,0,0,0,0,0,0,0,0,1,0,0,0,0,0,0,1,partially destroyed,0,0,0,0,0,0,0,,,,,,,,,,,,,
Ward,Dane,43.042,-89.273,8,0,1,0,0,0,0,0,0,0,0,0,1,0,4,0,1,0,0,0,0,0,partially destroyed,0,1,0,0,0,0,0,,,,,,,,,,,,,
Warner Beach,Dane,43.127,-89.374,6,2,1,0,0,0,0,0,0,0,0,0,0,0,3,0,0,0,0,0,0,0,unknown,0,0,0,0,0,0,0,,,,,,,,,,,,,
West Point,Dane,43.116,-89.465,7,0,1,0,0,0,0,0,0,0,0,0,0,0,1,3,0,0,0,0,0,2,unknown,0,0,0,0,0,0,0,,,,,,,,,,,,,
Williams South #1,Dane,42.972,-89.24,3,0,0,0,0,1,0,0,0,0,0,0,0,0,1,0,0,0,0,0,0,1,unknown,0,0,0,0,0,0,0,,,,,,,,,,,,,
Williams South #2,Dane,42.974,-89.236,11,0,0,1,0,0,0,0,0,0,0,0,0,0,2,0,0,0,0,0,0,8,partially destroyed,0,0,0,0,0,0,0,,,,,,,,,,,,,
William's Woods,Dane,42.975,-89.233,8,0,0,0,0,0,0,0,0,0,0,0,0,0,0,0,0,1,0,0,0,7,unknown,0,0,0,0,0,0,0,,,,,,,,,,,,,
Williamson 1,Dane,43.032,-89.336,8,0,0,0,0,0,0,0,0,0,0,0,5,0,2,0,0,0,0,0,0,1,unknown,0,0,0,0,0,0,0,,,,,,,,,,,,,
Williamson Indian Cemetery,Dane,43.021,-89.327,2,1,0,0,0,0,0,0,0,0,0,0,0,0,0,0,0,0,0,0,0,1,destroyed,0,0,0,0,0,0,0,,,,,,,,,,,,,
Willow Drive,Dane,43.079,-89.418,4,0,0,0,0,0,0,0,0,0,0,0,0,0,0,0,0,0,0,0,0,1,intact,1,0,2,0,0,0,0,,,,,,,,,,,,,
Wingra,Dane,43.053,-89.433,16,0,1,1,0,0,0,0,0,0,0,0,1,0,5,4,0,0,0,0,0,2,destroyed,1,0,0,0,0,0,0,,,,,,,,,,,,,
Wingra Park,Dane,43.049,-89.432,6,0,1,2,0,0,0,0,0,0,0,0,0,0,1,0,0,0,0,0,0,1,unknown,0,0,0,0,0,0,0,,,,,,,,,,,,,
Winnequah Road,Dane,43.073,-89.331,3,0,1,0,0,0,0,0,0,0,0,0,0,0,1,0,0,0,0,0,0,1,unknown,0,0,0,0,0,0,0,,,,,,,,,,,,,
Woodward Shores,Dane,43.13,-89.388,29,1,3,1,0,1,0,0,0,0,0,1,2,1,5,0,0,0,0,0,0,12,partially destroyed,0,0,0,0,0,0,1,,,,,,,,,,,,,
Woodward Shores East,Dane,43.13,-89.4,10,3,0,1,0,0,0,0,1,0,0,0,1,0,3,0,0,0,0,0,0,0,destroyed,0,0,0,0,0,0,0,,,,,,,,,,,,,
Yahara #1,Dane,43.15,-89.414,3,0,2,0,0,0,0,0,0,0,0,0,0,0,0,0,0,0,0,0,0,1,destroyed,0,0,0,0,0,0,0,,,,,,,,,,,,,
Yahara Heights,Dane,43.16,-89.386,5,0,0,1,0,0,0,0,0,0,0,0,0,1,0,0,0,0,0,0,0,1,partially destroyed,0,1,0,0,0,0,0,,,,,,,,,,,,,
Yahara Hoyt,Dane,43.055,-89.326,20,0,0,0,0,0,0,0,0,0,0,0,0,0,16,0,0,0,0,0,0,2,unknown,0,0,0,0,0,0,0,,,,,,,,,,,,,
Zoo,Dane,43.062,-89.416,16,1,0,0,0,0,0,0,0,0,0,0,0,1,3,0,0,0,0,0,0,11,destroyed,0,0,0,0,0,0,0,,,,,,,,,,,,,
Army Ordinance Plant,Sauk,43.384,-89.729,1,0,0,0,0,0,0,0,0,0,0,0,0,0,0,0,0,1,0,0,0,0,unknown,0,0,0,0,0,0,0,0,0,0,0,0,0,,,,,,,
Atkinson,Sauk,43.56,-89.721,2,0,0,0,0,0,0,0,1,0,0,0,0,0,0,0,0,0,0,0,0,1,destroyed,0,0,0,0,0,0,0,0,0,0,0,0,0,,,,,,,
Badger,Sauk,43.204,-89.932,5,1,0,0,0,0,0,0,0,0,0,0,0,0,3,0,0,0,0,0,0,1,destroyed,0,0,0,0,0,0,0,0,0,0,0,0,0,,,,,,,
Bay,Sauk,43.375,-89.633,2,0,0,0,0,0,0,0,0,0,0,0,0,0,0,0,0,1,0,0,0,1,unknown,0,0,0,0,0,0,0,0,0,0,0,0,0,,,,,,,
Big Badger Curve,Sauk,43.355,-89.764,6,0,0,0,0,0,0,0,0,0,0,0,0,0,2,0,0,4,0,0,0,0,unknown,0,0,0,0,0,0,0,0,0,0,0,0,0,,,,,,,
Canfield,Sauk,43.469,-89.769,10,0,0,1,0,0,0,0,0,0,0,3,0,0,5,1,0,0,0,0,0,0,partially destroyed,0,0,0,0,0,0,0,0,0,0,0,0,0,,,,,,,
Carlson,Sauk,43.48,-89.673,5,0,0,1,0,0,0,0,0,0,0,0,0,0,4,0,0,0,0,0,0,0,unknown,0,0,0,0,0,0,0,0,0,0,0,0,0,,,,,,,
Case,Sauk,43.466,-89.755,13,0,0,0,0,0,0,0,0,0,0,0,0,2,6,1,0,0,0,0,0,3,destroyed,0,0,0,0,0,0,1,0,0,0,0,0,0,,,,,,,
Cemetery,Sauk,43.446,-89.736,5,0,0,1,0,2,0,0,0,0,0,0,1,0,0,0,0,0,0,0,0,0,intact,0,0,0,0,0,0,0,1,0,0,0,0,0,,,,,,,
Cook,Sauk,43.468,-89.693,3,0,0,1,0,0,0,0,0,0,0,0,0,0,0,0,0,0,0,0,0,2,intact,0,0,0,0,0,0,0,0,0,0,0,0,0,,,,,,,
Cornfield,Sauk,43.466,-89.724,8,0,2,0,0,0,0,0,0,0,0,5,0,0,1,0,0,0,0,0,0,0,destroyed,0,0,0,0,0,0,0,0,0,0,0,0,0,,,,,,,
Cornfield #2,Sauk,43.469,-89.724,13,0,0,2,0,0,0,0,0,0,0,0,0,0,0,0,0,0,0,0,0,11,unknown,0,0,0,0,0,0,0,0,0,0,0,0,0,,,,,,,
Council House/Remington,Sauk,43.466,-89.735,68,0,2,7,0,0,0,0,0,0,0,6,0,0,3,0,0,0,0,0,0,50,unknown,0,0,0,0,0,0,0,0,0,0,0,0,0,,,,,,,
Crandall,Sauk,43.468,-89.73,6,1,0,0,0,0,0,0,0,0,0,0,0,0,0,0,0,0,0,0,0,4,partially destroyed,0,0,0,0,0,0,0,0,0,0,0,0,0,,,,,,,
Delton,Sauk,43.605,-89.808,2,0,0,0,0,0,0,0,0,0,0,0,0,0,0,0,0,1,0,0,0,1,unknown,0,0,0,0,0,0,0,0,0,0,0,0,0,,,,,,,
Devil's Lake #1,Sauk,43.411,-89.725,1,0,0,0,0,0,0,0,0,0,0,0,0,0,0,0,0,0,0,0,0,0,intact (protected),0,0,0,0,0,0,0,0,1,0,0,0,0,,,,,,,
Devil's Lake #2,Sauk,43.432,-89.735,8,0,0,1,0,0,0,0,0,0,0,0,0,0,5,0,0,0,0,0,0,2,intact (protected),0,0,0,0,0,0,0,0,0,0,0,0,0,,,,,,,
Devil's Nose,Sauk,43.4,-89.668,1,0,0,1,0,0,0,0,0,0,0,0,0,0,0,0,0,0,0,0,0,0,unknown,0,0,0,0,0,0,0,0,0,0,0,0,0,,,,,,,
Draper's Creek,Sauk,43.453,-89.734,5,0,0,1,0,1,0,0,0,0,0,0,0,0,3,0,0,0,0,0,0,0,unknown,0,0,0,0,0,0,0,0,0,0,0,0,0,,,,,,,
Eagle (47-SK-0082) ,Sauk,43.38,-89.649,2,0,1,0,0,0,0,0,0,0,0,0,0,0,0,0,0,0,0,0,0,1,partially destroyed,0,0,0,0,0,0,0,0,0,0,0,0,0,,,,,,,
Eagle (47-SK-0094),Sauk,43.384,-89.645,2,0,0,2,0,0,0,0,0,0,0,0,0,0,0,0,0,0,0,0,0,0,partially destroyed,0,0,0,0,0,0,0,0,0,0,0,0,0,,,,,,,
Garrisonville Bear,Sauk,43.487,-89.624,2,0,0,1,0,0,0,0,0,0,0,0,0,0,0,0,0,0,0,1,0,0,destroyed,0,0,0,0,0,0,0,0,0,0,0,0,0,,,,,,,
Glen Creek,Sauk,43.451,-89.708,3,0,0,1,0,0,0,0,0,0,0,0,0,0,0,0,0,2,0,0,0,0,destroyed,0,0,0,0,0,0,0,0,0,0,0,0,0,,,,,,,
Glover,Sauk,43.465,-89.736,6,0,1,1,0,0,0,0,0,0,0,0,0,0,2,0,0,1,0,0,0,1,unknown,0,0,0,0,0,0,0,0,0,0,0,0,0,,,,,,,
Greenfield,Sauk,43.458,-89.713,4,0,1,1,0,1,0,0,0,0,0,0,0,0,1,0,0,0,0,0,0,0,unknown,0,0,0,0,0,0,0,0,0,0,0,0,0,,,,,,,
Greenfield Man Mound,Sauk,43.488,-89.671,1,0,0,0,0,0,0,0,0,0,0,0,0,0,0,0,0,0,0,0,0,0,partially destroyed,0,0,0,0,0,0,0,0,1,0,0,0,0,,,,,,,
Gross,Sauk,43.368,-89.648,1,0,1,0,0,0,0,0,0,0,0,0,0,0,0,0,0,0,0,0,0,0,unknown,0,0,0,0,0,0,0,0,0,0,0,0,0,,,,,,,
Hemlock,Sauk,43.585,-90.133,4,0,0,0,0,0,0,0,0,0,0,0,0,0,1,0,0,1,0,0,0,1,unknown,0,0,0,0,0,0,0,0,0,0,1,0,0,,,,,,,
Hill,Sauk,43.164,-90.103,2,0,1,0,0,0,0,0,0,0,0,0,0,0,1,0,0,0,0,0,0,0,unknown,0,0,0,0,0,0,0,0,0,0,0,0,0,,,,,,,
Honey Creek,Sauk,43.267,-89.822,14,0,1,2,0,0,0,0,0,0,0,0,0,0,10,0,0,0,0,0,0,1,destroyed,0,0,0,0,0,0,0,0,0,0,0,0,0,,,,,,,
Howlett,Sauk,43.451,-89.771,20,1,0,0,0,0,0,0,0,0,0,0,0,0,0,0,0,0,0,0,0,19,destroyed,0,0,0,0,0,0,0,0,0,0,0,0,0,,,,,,,
Hoxie,Sauk,43.215,-89.997,2,0,1,0,0,0,0,0,0,0,0,0,0,0,1,0,0,0,0,0,0,0,unknown,0,0,0,0,0,0,0,0,0,0,0,0,0,,,,,,,
Jackson Creek,Sauk,43.473,-89.638,2,0,0,1,0,0,0,0,1,0,0,0,0,0,0,0,0,0,0,0,0,0,destroyed,0,0,0,0,0,0,0,0,0,0,0,0,0,,,,,,,
Jantz,Sauk,43.559,-89.705,2,0,0,0,0,1,0,0,0,0,0,1,0,0,0,0,0,0,0,0,0,0,destroyed,0,0,0,0,0,0,0,0,0,0,0,0,0,,,,,,,
Johnson,Sauk,43.347,-89.779,10,0,3,1,0,0,0,0,0,0,0,0,0,1,4,0,0,0,0,0,0,0,unknown,0,0,0,0,0,0,0,0,1,0,0,0,0,,,,,,,
Jones,Sauk,43.194,-90.016,25,0,1,1,0,0,0,0,0,0,0,0,0,0,11,0,0,0,0,0,0,12,unknown,0,0,0,0,0,0,0,0,0,0,0,0,0,,,,,,,
Kingston,Sauk,43.351,-89.794,54,0,3,2,0,0,0,0,0,0,0,4,0,0,3,0,0,0,0,0,0,35,unknown,0,1,6,0,0,0,0,0,0,0,0,0,0,,,,,,,
Kruger Creek,Sauk,43.366,-89.682,27,0,0,4,0,0,0,0,0,0,0,0,0,1,9,1,3,0,0,0,0,2,destroyed,0,0,0,0,0,0,0,6,0,0,0,0,0,,,,,,,
La Valle Man Mound,Sauk,43.568,-90.091,10,0,3,0,0,0,0,0,0,0,0,0,0,0,3,0,0,0,0,0,0,2,destroyed,0,0,0,0,0,0,0,0,0,1,0,0,0,,,,,,,
Langdon,Sauk,43.461,-89.685,4,0,0,3,0,0,0,0,0,0,0,0,0,0,1,0,0,0,0,0,0,0,intact,0,0,0,0,0,0,0,0,0,0,0,0,0,,,,,,,
Lapham,Sauk,43.38,-89.689,12,0,2,0,0,0,0,0,0,0,0,0,0,0,8,0,0,0,0,0,1,0,unknown,0,0,0,0,0,0,0,1,0,0,0,0,0,,,,,,,
Lapham #2,Sauk,43.382,-89.693,23,0,0,3,0,0,0,0,0,0,0,0,0,0,0,0,0,0,0,0,0,20,unknown,0,0,0,0,0,0,0,0,0,0,0,0,0,,,,,,,
Leach Creek,Sauk,43.515,-89.685,7,0,0,1,0,0,0,0,0,0,0,0,0,0,6,0,0,0,0,0,0,0,intact,0,0,0,0,0,0,0,0,0,0,0,0,0,,,,,,,
Long Lizard,Sauk,43.457,-89.689,2,0,0,0,0,0,0,0,0,0,0,0,0,0,0,0,0,0,0,0,0,1,partially destroyed,0,0,0,0,0,0,0,0,0,0,0,0,0,,,,,,,
Lower Dells,Sauk,43.595,-89.739,3,0,3,0,0,0,0,0,0,0,0,0,0,0,0,0,0,0,0,0,0,0,destroyed,0,0,0,0,0,0,0,0,0,0,0,0,0,,,,,,,
Maple Grove,Sauk,43.444,-89.736,2,0,0,1,0,0,0,0,0,0,0,0,0,0,1,0,0,0,0,0,0,0,destroyed,0,0,0,0,0,0,0,0,0,0,0,0,0,,,,,,,
May Be,Sauk,43.219,-89.997,1,0,1,0,0,0,0,0,0,0,0,0,0,0,0,0,0,0,0,0,0,0,unknown,0,0,0,0,0,0,0,0,0,0,0,0,0,,,,,,,
McGann,Sauk,43.479,-89.689,1,0,1,0,0,0,0,0,0,0,0,0,0,0,0,0,0,0,0,0,0,0,unknown,0,0,0,0,0,0,0,0,0,0,0,0,0,,,,,,,
McGilvra,Sauk,43.487,-89.706,3,0,0,1,0,0,0,0,0,0,1,0,0,0,0,0,0,0,0,0,0,1,unknown,0,0,0,0,0,0,0,0,0,0,0,0,0,,,,,,,
Merrimac Moon,Sauk,43.375,-89.648,1,0,0,0,0,0,0,0,0,0,0,0,0,0,0,0,0,1,0,0,0,0,unknown,0,0,0,0,0,0,0,0,0,0,0,0,0,,,,,,,
Merry Mac,Sauk,43.377,-89.626,1,0,0,0,0,0,0,0,0,0,0,0,0,0,0,0,0,1,0,0,0,0,unknown,0,0,0,0,0,0,0,0,0,0,0,0,0,,,,,,,
Mink,Sauk,43.384,-89.705,3,0,0,0,0,2,0,1,0,0,0,0,0,0,0,0,0,0,0,0,0,0,destroyed,0,0,0,0,0,0,0,0,0,0,0,0,0,,,,,,,
Mosley,Sauk,43.249,-89.826,15,0,1,3,0,0,0,0,0,0,0,0,0,1,6,1,0,0,0,0,0,0,unknown,1,0,0,0,0,0,0,1,1,0,0,0,0,,,,,,,
Mother and Cub,Sauk,43.363,-89.659,2,0,0,2,0,0,0,0,0,0,0,0,0,0,0,0,0,0,0,0,0,0,intact,0,0,0,0,0,0,0,0,0,0,0,0,0,,,,,,,
Newport,Sauk,43.607,-89.769,2,0,0,0,0,0,0,0,0,0,0,0,0,0,0,0,0,0,0,0,0,0,partially destroyed,0,0,0,0,0,0,0,0,0,0,0,0,0,,,,,,,
Norton,Sauk,43.192,-90.032,3,1,0,0,0,0,0,0,0,0,0,0,0,0,1,0,1,0,0,0,0,0,unknown,0,0,0,0,0,0,0,0,0,0,0,0,0,,,,,,,
Oak Hill,Sauk,43.56,-90.081,1,0,0,0,0,0,0,0,0,0,0,0,0,0,0,0,0,0,0,0,0,0,unknown,0,0,0,0,0,0,0,0,1,0,0,0,0,,,,,,,
Otter Creek,Sauk,43.339,-89.775,4,2,0,0,0,0,0,0,0,0,0,0,0,0,2,0,0,0,0,0,0,0,unknown,0,0,0,0,0,0,0,0,0,0,0,0,0,,,,,,,
Palisade,Sauk,43.377,-89.635,2,0,0,0,0,0,0,0,0,0,0,0,0,0,0,0,0,1,0,0,0,1,destroyed,0,0,0,0,0,0,0,0,0,0,0,0,0,,,,,,,
Paddock,Sauk,43.612,-90.086,3,0,0,0,0,0,0,0,0,0,0,0,0,0,1,0,1,1,0,0,0,0,destroyed,0,0,0,0,0,0,0,0,0,0,0,0,0,,,,,,,
Pass,Sauk,43.216,-89.988,1,0,1,0,0,0,0,0,0,0,0,0,0,0,0,0,0,0,0,0,0,0,unknown,0,0,0,0,0,0,0,0,0,0,0,0,0,,,,,,,
Patterson,Sauk,43.265,-89.819,2,0,0,1,0,0,0,0,0,0,0,0,0,0,0,0,1,0,0,0,0,0,unknown,0,0,0,0,0,0,0,0,0,0,0,0,0,,,,,,,
Pierce,Sauk,43.201,-89.878,6,0,0,1,0,0,0,0,0,0,0,0,0,1,2,0,0,0,0,0,0,2,partially intact,0,0,0,0,0,0,0,0,0,0,0,0,0,,,,,,,
Poison,Sauk,43.557,-89.683,17,0,2,2,0,4,0,0,0,0,2,0,0,0,2,0,2,0,0,0,0,3,destroyed,0,0,0,0,0,0,0,0,0,0,0,0,0,,,,,,,
Porter,Sauk,43.545,-89.657,8,0,1,2,0,2,0,0,0,0,0,0,0,0,1,0,2,0,0,0,0,0,destroyed,0,0,0,0,0,0,0,0,0,0,0,0,0,,,,,,,
Potter,Sauk,43.465,-89.733,10,0,0,1,0,0,0,0,0,0,0,1,0,0,2,0,0,0,0,0,0,5,destroyed,0,0,0,0,0,0,0,1,0,0,0,0,0,,,,,,,
Prairie,Sauk,43.266,-89.772,2,0,0,0,0,0,0,0,0,0,0,0,0,0,0,0,1,1,0,0,0,0,destroyed,0,0,0,0,0,0,0,0,0,0,0,0,0,,,,,,,
Prairie Effigy,Sauk,43.218,-90.006,2,0,0,0,0,0,0,0,1,0,0,0,0,0,0,0,1,0,0,0,0,0,destroyed,0,0,0,0,0,0,0,0,0,0,0,0,0,,,,,,,
Ragatz,Sauk,43.3,-89.848,25,2,2,0,0,0,0,0,0,0,0,0,0,0,0,0,21,0,0,0,0,0,destroyed,0,0,0,0,0,0,0,0,0,0,0,0,0,,,,,,,
Rainbow,Sauk,43.177,-90.052,9,0,1,0,0,0,0,0,0,0,0,0,0,0,4,0,0,0,0,0,0,4,unknown,0,0,0,0,0,0,0,0,0,0,0,0,0,,,,,,,
River Bank,Sauk,43.365,-89.662,8,0,1,1,0,0,0,0,0,0,0,0,0,0,0,0,3,0,0,0,0,0,unknown,0,0,0,0,0,0,1,0,0,0,0,0,0,,,,,,,
Sauk Prairie,Sauk,43.26,-89.799,8,0,2,1,0,0,0,0,0,0,0,0,0,0,3,0,0,0,0,0,0,0,unknown,0,0,0,0,0,0,0,0,2,0,0,0,0,,,,,,,
Saxer,Sauk,43.265,-89.831,4,0,1,0,0,0,0,0,0,0,0,0,0,0,2,0,0,0,0,0,0,1,destroyed,0,0,0,0,0,0,0,0,0,0,0,0,0,,,,,,,
Searl's Creek,Sauk,43.366,-89.677,15,0,2,1,0,1,0,0,0,0,0,0,0,0,1,0,0,4,0,0,0,0,intact,0,0,1,0,0,0,0,5,0,0,0,0,0,,,,,,,
Siebecker,Sauk,43.367,-89.697,28,0,3,1,0,0,0,0,0,0,0,0,0,0,13,0,0,0,0,0,0,3,unknown,0,0,2,0,0,0,0,3,0,0,0,1,0,,,,,,,
Skillet's Creek,Sauk,43.457,-89.779,6,0,0,1,0,0,0,0,0,0,0,0,0,0,3,0,0,0,0,0,0,2,unknown,0,0,0,0,0,0,0,0,0,0,0,0,0,,,,,,,
South Park,Sauk,43.524,-90.007,1,0,0,0,0,1,0,0,0,0,0,0,0,0,0,0,0,0,0,0,0,0,intact,0,0,0,0,0,0,0,0,0,0,0,0,0,,,,,,,
South Side,Sauk,43.457,-89.749,7,0,0,0,0,0,0,0,0,0,0,0,0,0,0,0,0,0,0,0,0,6,destroyed,0,0,0,0,0,0,0,0,0,1,0,0,0,,,,,,,
Sprecher,Sauk,43.284,-89.907,3,0,0,1,0,0,0,0,0,0,0,0,0,1,1,0,0,0,0,0,0,0,unknown,0,0,0,0,0,0,0,0,0,0,0,0,0,,,,,,,
Spring Run,Sauk,43.458,-89.693,8,0,0,1,0,0,0,0,0,0,0,0,0,0,6,0,0,0,0,0,0,1,partially destroyed,0,0,0,0,0,0,0,0,0,0,0,0,0,,,,,,,
Stage Road,Sauk,43.567,-89.738,11,0,2,1,0,1,0,0,0,0,0,0,0,0,0,0,1,0,0,0,0,3,destroyed,0,0,1,0,0,0,0,0,0,0,1,0,0,,,,,,,
Terminal Moraine #1,Sauk,43.43,-89.723,5,0,0,1,0,0,0,0,0,0,0,0,0,1,2,0,0,0,0,0,0,0,partially destroyed,0,0,0,0,0,0,0,0,0,0,0,0,0,,,,,,,
Terminal Moraine #2,Sauk,43.43,-89.735,2,0,0,0,0,0,0,0,0,0,0,0,0,1,0,0,0,0,0,0,0,1,intact,0,0,0,0,0,0,0,0,0,0,0,0,0,,,,,,,
Tinkham,Sauk,43.444,-89.761,4,0,2,0,0,0,0,0,0,0,0,0,0,0,0,0,0,0,0,0,0,2,unknown,0,0,0,0,0,0,0,0,0,0,0,0,0,,,,,,,
Train,Sauk,43.375,-89.672,3,3,0,0,0,0,0,0,0,0,0,0,0,0,0,0,0,0,0,0,0,0,unknown,0,0,0,0,0,0,0,0,0,0,0,0,0,,,,,,,
Tyler,Sauk,43.459,-89.748,5,0,0,0,0,0,0,0,0,0,0,1,0,0,0,0,0,0,0,0,0,4,destroyed,0,0,0,0,0,0,0,0,0,0,0,0,0,,,,,,,
Upper Mill Power,Sauk,43.476,-89.767,2,0,2,0,0,0,0,0,0,0,0,0,0,0,0,0,0,0,0,0,0,0,destroyed,0,0,0,0,0,0,0,0,0,0,0,0,0,,,,,,,
Vonburn,Sauk,43.265,-89.836,11,0,1,0,0,0,0,0,0,0,0,0,0,0,3,0,0,0,0,0,0,7,partially destroyed,0,0,0,0,0,0,0,0,0,0,0,0,0,,,,,,,
Wiegand Bay,Sauk,43.36,-89.702,6,1,0,1,0,0,0,0,0,0,0,0,0,0,0,0,0,0,0,0,0,2,unknown,0,0,0,0,0,0,0,2,0,0,0,0,0,,,,,,,
Williams,Sauk,43.467,-89.738,6,0,0,0,0,0,0,0,0,0,0,0,0,0,0,0,0,0,0,0,0,0,destroyed,0,4,0,0,0,0,0,0,0,0,0,0,2,,,,,,,
Wilson,Sauk,43.205,-89.984,2,0,0,0,0,0,0,0,0,0,0,0,0,0,1,0,0,0,0,0,0,0,destroyed,0,0,0,0,0,1,0,0,0,0,0,0,0,,,,,,,
Wisconsin River,Sauk,43.578,-89.737,63,0,0,2,0,0,0,0,0,0,0,0,0,2,1,0,0,0,0,0,0,57,partially destroyed,0,0,0,0,0,0,0,0,0,0,0,0,0,,,,,,,
Wyman,Sauk,43.475,-89.848,20,0,1,0,0,0,0,0,0,0,0,0,0,0,0,0,0,0,0,0,0,19,unknown,0,0,0,0,0,0,0,0,0,0,0,0,0,,,,,,,
All Plowed,Richland ,43.273,-90.299,12,2,5,0,0,0,0,,,,,,,,,3,,,,,,,unknown,2,,,,,,,,,,,,,,,,,,,
Amalgamation Mound,Richland ,43.225,-90.481,5,0,2,0,0,0,0,,,,,,,,,,,,1,,,,unknown,1,,,,,,1,,,,,,,,,,,,,
Armbuster,Richland ,43.216,-90.464,8,2,6,0,0,0,0,,,,,,,,,,,,,,,,destroyed,,,,,,,,,,,,,,,,,,,,
Bear Creek,Richland ,43.196,-90.235,4,0,,0,0,0,0,,,,,,,,,,,,1,,1,,destroyed,1,,,,,1,,,,,,,,,,,,,,
Beckwith,Richland ,43.215,-90.299,24,0,,0,0,0,0,,1,,,,,,,6,,,,1,,,destroyed,15,,,,,1,,,,,,,,,,,,,,
Big Eagle Village,Richland ,43.224,-90.431,29,0,12,0,0,0,0,0,,,,,,,,9,,,,,,,unknown,8,,,,,,,,,,,,,,,,,,,
Bremmer,Richland ,43.211,-90.401,5,0,,0,0,0,0,,2,,,,,,,1,,,,,,,unknown,2,,,,,,,,,,,,,,,,,,,
"Clipped Wing 
",Richland ,43.214,-90.457,2,0,2,0,0,0,0,,,,,,,,,,,,,,,,partially destroyed,,,,,,,,,,,,,,,,,,,,
"Confluence 
",Richland ,43.212,-90.44,7,0,,0,0,0,0,,,,,,,,,2,,,,,5,,unknown,,,,,,,,,,,,,,,,,,,,
Conundrum,Richland ,43.209,-90.306,16,0,5,0,0,0,0,,,,,,,,,5,,,,,,,unknown,6,,,,,,,,,,,,,,,,,,,
Convocation,Richland ,43.22,-90.468,1,0,1,0,0,0,0,,,,,,,,,,,,,,,,destroyed,,,,,,,,,,,,,,,,,,,,
Creekside,Richland ,43.23,-90.463,7,0,3,0,0,0,0,,,,,,,3,1,,,,,,,,unknown,,,,,,,,,,,,,,,,,,,,
"Cupp Mounds 
",Richland ,43.211,-90.552,1,1,,0,0,0,0,,,,,,,,,,,,,,,,intact,,,,,,,,,,,,,,,,,,,,
"Daggers and Does 
",Richland ,43.499,-90.633,5,0,,2,0,0,0,,,,,,,,,,3,,,,,,unknown,,,,,,,,,,,,,,,,,,,,
Dingman,Richland ,43.214,-90.527,21,0,,0,0,0,0,,,,,,,,,,,,,,,,intact,,,,,,,,,,,,,,,,,,,,
Diving Birds,Richland ,43.277,-90.314,6,0,5,1,0,0,0,,,,,,,,,,,,,,,,unknown,,,,,,,,,,,,,,,,,,,,
Donner,Richland ,43.214,-90.217,25,0,1,0,0,0,0,,,,,,,,,,,,,,,,unknown,24,,,,,,,,,,,,,,,,,,,
Eagle Township,Richland ,43.205,-90.459,76,0,24,0,0,0,0,,,,,,2,3,2,9,,,,3,,,destroyed,27,1,,,1,1,1,,,,1,1,,,,,,,,
Elder,Richland ,43.223,-90.462,9,0,1,0,0,0,1,,,,,,,1,,1,,,,,,,intact,3,,,,,,,,,,,,,,,,,,,
Gasser,Richland ,43.199,-90.596,1,0,1,0,0,0,0,,,,,,,,,,,,,,,,intact,,,,,,,,,,,,,,,,,,,,
Hamilton,Richland ,43.214,-90.54,5,0,1,1,0,0,0,,,,,,,,,2,,,,,,,intact,1,,,,,,,,,,,,,,,,,,,
Hunting Eagle,Richland ,43.212,-90.459,7,0,2,0,0,0,0,,,,,,,,,4,,,,,,,partially destroyed,,,,,1,,,,,,,,,,,,,,,
Ketcham,Richland ,43.21,-90.246,2,0,,0,0,0,0,,,,,,1,,,,,,,,,,intact,,,,,,,1,,,,,,,,,,,,,
Lone Eagle,Richland ,43.215,-90.451,1,0,1,0,0,0,0,,,,,,,,,,,,,,,,unknown,,,,,,,,,,,,,,,,,,,,
Lost Dog,Richland ,43.198,-90.251,6,0,,0,0,0,0,,,,,,1,,,3,,,,,,,unknown,2,,,,,,,,,,,,,,,,,,,
Lost Goose,Richland ,43.225,-90.454,2,0,1,0,0,0,0,,,,,,,,,,,,,,,,unknown,,,,1,,,,,,,,,,,,,,,,
Man Mound,Richland ,43.214,-90.482,7,0,1,1,0,0,0,,,,,,,,,,,,3,,,,unknown,,,,,,,,,,,,2,,,,,,,,
"Marsh Eagle 
",Richland ,43.213,-90.484,4,0,1,0,0,0,0,,,,,,,,,3,,,,,,,unknown,,,,,,,,,,,,,,,,,,,,
McClary I,Richland ,43.219,-90.47,14,0,1,0,0,0,0,,,,,1,,,2,1,,,7,,1,,destroyed,1,,,,,,,,,,,,,,,,,,,
McClary 2,Richland ,43.215,-90.472,2,0,1,0,0,0,0,,,,,,1,,,,,,,,,,destroyed,,,,,,,,,,,,,,,,,,,,
McClary 3,Richland ,43.208,-90.474,6,0,1,0,0,0,0,,,,,,,,1,3,,,,,,,destroyed,1,,,,,,,,,,,,,,,,,,,
Meridian,Richland ,43.211,-90.436,9,0,,0,0,0,0,,,,,,,,,1,,,,,7,,unknown,1,,,,,,,,,,,,,,,,,,,
Mink Escape,Richland ,43.272,-90.313,5,0,2,0,0,0,0,,,,,,,,,,1,,,,,,unknown,,,,,,,,,,2,,,,,,,,,,
Nebraska Hollow,Richland ,43.304,-90.277,1,0,,0,0,0,0,,,,,,,,,,,,,,1,,unknown,,,,,,,,,,,,,,,,,,,,
Old Channel,Richland ,43.212,-90.299,20,0,,0,0,0,0,,1,,,,,,,12,,,,,,,destroyed,6,,,,,,,,,,,,,,,,,,,
Old Road,Richland ,43.212,-90.442,8,0,1,0,0,0,0,,,,,1,,,,6,,,,,,,unknown,,,,,,,,,,,,,,,,,,,,
Pine River Enclosure,Richland ,43.209,-90.312,12,4,,0,0,0,0,,,,,,,,,6,,,,,,,unknown,1,,,,1,,,,,,,,,,,,,,,
Pleasant Valley School,Richland ,43.264,-90.445,1,0,,0,0,0,0,,,,,,,,1,,,,,,,,intact,,,,,,,,,,,,,,,,,,,,
Port Andrews,Richland ,43.195,-90.666,34,0,11,1,0,0,0,,,,,,,1,,5,,,,,,,intact,16,,,,,,,,,,,,,,,,,,,
Quarter Post Bird,Richland ,43.212,-90.484,1,0,1,0,0,0,0,,,,,,,,,,,,,,,,unknown,,,,,,,,,,,,,,,,,,,,
Raptor,Richland ,43.209,-90.442,31,0,4,0,0,0,1,,,,,,2,2,,17,1,,,,,,unknown,4,,,,,,,,,,,,,,,,,,,
Schaeffer,Richland ,43.212,-90.441,14,0,1,1,0,0,0,,,,,,1,,,9,,,,,,,partially destroyed,2,,,,,,,,,,,,,,,,,,,
Smoking Birds,Richland ,43.268,-90.315,38,0,2,0,0,0,0,,,,,,,,,18,,,,,,,unknown,18,,,,,,,,,,,,,,,,,,,
Spur,Richland ,43.225,-90.456,4,0,2,0,0,0,0,,,,,,,,,2,,,,,,,unknown,,,,,,,,,,,,,,,,,,,,
Stiles #1,Richland ,43.231,-90.299,2,0,1,0,0,0,0,,,,,,,,,,,,,,,,unknown,1,,,,,,,,,,,,,,,,,,,
Troller Mounds,Richland ,43.203,-90.427,13,0,3,0,0,0,0,,,,,,,,,10,,,,,,,destroyed,,,,,,,,,,,,,,,,,,,,
Twin Lizard/Catfish,Richland ,43.204,-90.412,18,0,4,0,0,0,0,,,2,,,,,,9,,,,,,,destroyed,2,,,,,,1,,,,,,,,,,,,,
Wade,Richland ,43.216,-90.543,13,0,,1,0,0,0,,,,,,,,,10,,,,,,,intact,2,,,,,,,,,,,,,,,,,,,
Wanek,Richland ,43.215,-90.592,1,0,1,0,0,0,0,,,,,,,,,,,,,,,,unknown,,,,,,,,,,,,,,,,,,,,
Waterbirds,Richland ,43.275,-90.306,8,0,7,0,0,0,0,,,,,,,,,,,,,,,,unknown,1,,,,,,,,,,,,,,,,,,,
William Thompson 1,Richland ,43.213,-90.502,10,0,,2,0,0,0,,,,,,1,,,7,,,,,,,destroyed,,,,,,,,,,,,,,,,,,,,
William Thompson 2,Richland ,43.21,-90.502,4,0,3,0,0,0,0,,,,,,,,,1,,,,,,,destroyed,,,,,,,,,,,,,,,,,,,,
Wolf,Richland ,43.228,-90.468,8,0,1,0,0,0,0,,,,,,,,,5,,,,,,,destroyed,2,,,,,,,,,,,,,,,,,,,
A-15,Crawford ,43.004,-91.101,4,0,0,0,0,1,0,0,0,0,0,0,0,0,,,1,,,,,,destroyed,0,0,0,0,0,0,0,0,0,,,,,,,,,,,
A-16,Crawford ,42.993,-91.069,3,0,0,0,0,0,0,0,0,0,0,0,0,1,,,1,,,,,,unknown,0,0,0,0,0,0,0,0,0,,,,,,,,,,,
A-17,Crawford ,43.368,-90.798,13,0,0,3,0,0,0,0,0,0,0,0,0,0,,,3,,,,,,destroyed,0,0,0,0,0,0,0,0,0,,,,,,,,,,,
A-18,Crawford ,43.408,-90.766,5,0,0,0,0,0,0,0,0,0,0,0,0,0,1,,,,,,,,destroyed,0,0,0,0,0,0,0,0,1,,,,,,,,,,,
A-19,Crawford ,43.18,-90.888,7,0,1,1,0,0,0,0,0,0,0,0,0,0,,,2,,3,,,,destroyed,0,0,0,0,0,0,0,0,0,,,,,,,,,,,
A-20,Crawford ,43.129,-91.038,1,0,0,0,0,0,0,0,0,0,0,0,0,0,1,,,,,,,,destroyed,0,0,0,0,0,0,0,0,0,,,,,,,,,,,
A-21,Crawford ,43.243,-91.035,2,0,0,0,0,2,0,0,0,0,0,0,0,0,,,,,,,,,destroyed,0,0,0,0,0,0,0,0,0,,,,,,,,,,,
A-23,Crawford ,43.359,-90.828,2,0,0,1,0,0,0,0,0,0,0,0,0,0,,,1,,,,,,destroyed,0,0,0,0,0,0,0,0,0,,,,,,,,,,,
A-24,Crawford ,43.359,-90.819,2,0,0,0,0,0,0,0,0,0,0,0,0,0,,2,,,,,,,destroyed,0,0,0,0,0,0,0,0,0,,,,,,,,,,,
Armstrong,Crawford ,43.238,-91.058,12,0,0,0,0,1,0,0,0,0,0,0,0,0,,,,,,,,,destroyed,0,0,0,0,0,0,0,0,0,,,,,,,,,,,
Batavia Bear,Crawford ,43.166,-91.038,1,0,0,0,0,1,0,0,0,0,0,0,0,0,,,,,,,,,destroyed,0,0,0,0,0,0,0,0,0,,,,,,,,,,,
Bear Creek,Crawford ,43.357,-90.814,4,0,0,0,0,0,0,0,0,0,0,0,0,0,,,,,,,,,destroyed,0,0,0,0,0,0,0,0,0,,,,,,,,,,,
Beckett #5,Crawford ,43.158,-91.138,8,0,0,1,0,0,0,0,0,0,0,0,0,0,,,2,,,,,,intact,0,0,0,1,0,0,0,0,0,,,,,,,,,,,
Black Oats,Crawford ,43.158,-91.033,10,0,0,5,2,2,0,0,0,0,0,0,0,0,,,1,,,,,,unknown,0,0,0,0,0,0,0,0,0,,,,,,,,,,,
Blackhawk Mounds,Crawford ,43.252,-90.869,2,0,0,1,0,0,0,0,0,0,0,0,0,0,,,1,,,,,,unknown,0,0,0,0,0,0,0,0,0,,,,,,,,,,,
Bridgeport,Crawford ,43.006,-91.057,2,0,0,0,0,1,0,0,0,0,0,0,0,0,,,1,,,,,,destroyed,0,0,0,0,0,0,0,0,0,,,,,,,,,,,
Bryan,Crawford ,43.143,-90.729,5,0,0,2,0,0,0,0,0,0,0,0,0,0,,,3,,,,,,intact,0,0,0,0,0,0,0,0,0,,,,,,,,,,,
Calvary Cemetery Mound,Crawford ,43.0707532,-91.1495406,3,1,0,0,0,0,0,0,0,0,0,0,0,0,,,,,,2,,,unknown,0,0,0,0,0,0,0,0,0,,,,,,,,,,,
Camel Mound,Crawford ,43.079,-91.136,1,0,0,0,0,0,0,0,0,0,0,0,0,0,1,,,,,,,,unknown,0,0,0,0,0,0,0,0,0,,,,,,,,,,,
Campbell Coulee I,Crawford ,43.086,-91.126,18,0,0,3,0,1,0,0,0,0,0,0,0,0,1,,2,,9,1,,,unknown,0,0,0,0,0,0,0,0,0,,,,,,,,,,,
Campbell Coulee II,Crawford ,43.088,-91.116,5,1,0,0,0,0,0,0,0,0,0,0,0,0,,,4,,,,,,unknown,0,0,0,0,0,0,0,0,0,,,,,,,,,,,
Caya,Crawford ,43.209,-91.094,1,0,0,1,0,0,0,0,0,0,0,0,0,0,,,,,,,,,unknown,0,0,0,0,0,0,0,0,0,,,,,,,,,,,
Christianson I,Crawford ,43.093,-90.832,3,0,0,3,0,0,0,0,0,0,0,0,0,0,,,,,,,,,destroyed,0,0,0,0,0,0,0,0,0,,,,,,,,,,,
Cipra,Crawford ,43.036,-90.987,21,0,0,1,0,0,0,0,0,0,0,0,0,0,,,7,,,,,,destroyed,0,0,0,0,0,0,0,0,0,,,,,,,,,,,
Citron Valley,Crawford ,43.202,-90.879,2,0,0,1,0,0,0,0,0,0,0,0,0,0,,,,,,,,,destroyed,0,0,0,0,0,0,0,0,1,,,,,,,,,,,
Copper Creek II,Crawford ,43.317,-91.053,29,0,0,0,0,0,0,0,0,0,0,0,0,0,1,,5,,,,,1,destroyed,0,0,0,0,0,0,0,0,0,,,,,,,,,,,
Dahmen I,Crawford ,43.004,-91.107,16,0,0,1,0,0,0,0,0,0,0,0,0,0,,,2,,,,,,destroyed,0,0,0,0,0,0,0,0,0,,,,,,,,,,,
Dividing Ridge/Hazens Corners,Crawford ,43.127,-91.042,31,0,0,7,1,1,0,0,0,0,0,0,0,0,,,14,,,,,,unknown,0,0,0,0,0,0,0,0,0,,,,,,,,,,,
Dremsa,Crawford ,43.169,-90.71,2,0,0,2,0,0,0,0,0,0,0,0,0,0,,,,,,,,,destroyed,0,0,0,0,0,0,0,0,0,,,,,,,,,,,
Du Charme Split,Crawford ,43.152,-91.127,3,0,0,2,0,0,0,0,0,0,0,0,0,0,,,,,,,,,destroyed,0,0,0,0,0,0,0,0,0,,,,,,,,,,,
Fairground,Crawford ,43.311,-90.843,14,0,2,7,0,0,0,0,0,0,0,0,0,0,,,5,,,,,,destroyed,0,0,0,0,0,0,0,0,0,,,,,,,,,,,
Famechon Ridge,Crawford ,43.123,-91.046,2,0,0,1,0,0,0,0,0,0,0,0,0,0,,,1,,,,,,destroyed,0,0,0,0,0,0,0,0,0,,,,,,,,,,,
Fischer I,Crawford ,43.291,-91.029,9,0,0,0,0,1,0,0,0,0,0,0,0,0,,,,,,,,,intact,0,0,0,0,0,0,0,0,0,,,,,,,,,,,
Foley I,Crawford ,43.223,-91.053,10,0,0,1,2,0,0,0,0,0,0,0,0,0,,,,,,,,,intact (protected),0,0,0,0,0,0,0,0,0,,,,,,,,,,,
Foot of the Hill,Crawford ,43.391,-90.793,13,0,5,2,0,0,0,0,0,0,0,0,0,0,,,3,,,,,,destroyed,0,0,0,0,0,0,0,0,0,,,,,,,,,,,
Four Kites,Crawford ,43.158,-91.097,4,0,0,0,4,0,0,0,0,0,0,0,0,0,,,,,,,,,destroyed,0,0,0,0,0,0,0,0,0,,,,,,,,,,,
Gays Mills,Crawford ,43.314,-90.853,4,0,0,0,0,0,0,0,0,0,0,0,0,0,,,,,,,,,unknown,0,0,0,0,0,0,0,0,0,,,,,,,,,,,
Gravel Pit I,Crawford ,43.009,-91.109,8,0,0,1,0,1,0,0,0,0,0,0,0,0,,,2,,,,,,unknown,0,0,0,0,0,0,0,0,0,,,,,,,,,,,
Gravel Pit II,Crawford ,43.011,-91.114,25,0,0,1,0,3,0,0,0,0,0,0,0,0,,,18,,,,,,destroyed,0,0,0,0,0,0,0,0,0,,,,,,,,,,,
Hogback I,Crawford ,43.203,-90.869,8,0,3,5,0,0,0,0,0,0,0,0,0,0,,,,,,,,,unknown,0,0,0,0,0,0,0,0,0,,,,,,,,,,,
"Hogback II 
",Crawford ,43.193,-90.869,5,0,0,4,0,0,0,0,0,0,0,0,0,0,,,,,1,,,,unknown,0,0,0,0,0,0,0,0,0,,,,,,,,,,,
Hogback III,Crawford ,43.192,-90.87,3,0,0,3,0,0,0,0,0,0,0,0,0,0,,,,,,,,,unknown,0,0,0,0,0,0,0,0,0,,,,,,,,,,,
Interested Bear,Crawford ,43.158,-91.086,1,0,0,,0,0,0,0,0,0,0,0,0,0,,,,,,,,,destroyed,0,0,0,0,0,0,0,0,0,,,,,,,,,,,
Kickapoo River Road,Crawford ,43.295,-90.839,4,0,0,3,0,0,0,0,0,0,0,0,0,0,,,,,1,,,,unknown,0,0,0,0,0,0,0,0,0,,,,,,,,,,,
Knoble,Crawford ,43.348,-90.838,17,0,0,6,0,0,0,0,0,0,0,0,0,0,,,9,,,,,,unknown,0,0,0,0,0,0,0,0,0,,,,,,,,,,,
Knower,Crawford ,43.405,-91.1,1,0,0,,0,0,0,0,0,0,0,0,0,0,,,,,,,,,destroyed,0,0,0,0,0,0,0,0,0,,,,,,,,,,,
Lennon Ridge,Crawford ,43.406,-90.892,28,0,15,13,0,0,0,0,0,0,0,0,0,0,,,,,,,,,unknown,0,0,0,0,0,0,0,0,0,,,,,,,,,,,
Level Plat,Crawford ,43.002,-91.101,1,0,0,,0,0,0,0,0,0,0,0,0,0,,,,,,1,,,unknown,0,0,0,0,0,0,0,0,0,,,,,,,,,,,
Limery Coulee II,Crawford ,43.085,-91.136,2,0,0,,0,0,0,1,0,0,0,0,0,0,,,1,,,,,,destroyed,0,0,0,0,0,0,0,0,0,,,,,,,,,,,
Metz,Crawford ,43.347,-91.046,2,0,0,1,0,0,0,0,0,0,0,0,0,0,,,1,,,,,,intact,0,0,0,0,0,0,0,0,0,,,,,,,,,,,
Petersburg,Crawford ,43.274,-90.839,2,0,0,,0,0,0,0,0,0,0,0,0,0,,,,,1,1,,,unknown,0,0,0,0,0,0,0,0,0,,,,,,,,,,,
Picatee Coulee I,Crawford ,43.136,-91.153,4,0,0,,0,0,0,0,0,0,0,0,0,0,,,2,,,2,,,destroyed,0,0,0,0,0,0,0,0,0,,,,,,,,,,,
Pomerening,Crawford ,43.092,-90.836,6,0,0,1,0,0,0,0,0,0,0,0,0,0,,,5,,,,,,intact,0,0,0,0,0,0,0,0,0,,,,,,,,,,,
Prairie du Chien,Crawford ,43.037,-91.114,2,0,0,,0,1,0,0,0,0,0,0,0,0,,,,,,,,,unknown,0,0,0,0,0,0,0,0,0,,,,,,,,,,,
PSA,Crawford ,43.387,-90.803,21,0,14,5,0,0,0,0,0,0,0,0,0,0,,,,,,,,,unknown,0,0,0,0,0,0,0,0,0,,,,,,,,,,,
Richland Creek,Crawford ,43.166,-90.71,1,0,0,1,0,0,0,0,0,0,0,0,0,0,,,,,,,,,unknown,0,0,0,0,0,0,0,0,0,,,,,,,,,,,
Roosa,Crawford ,43.38,-91.021,1,0,0,1,0,0,0,0,0,0,0,0,0,0,,,,,,,,,unknown,0,0,0,0,0,0,0,0,0,,,,,,,,,,,
Roy Peterson,Crawford ,43.226,-91.07,5,0,0,1,0,0,0,0,0,0,0,0,0,0,,,,,,,,,intact,0,0,0,0,0,0,0,0,0,,,,,,,,,,,
Rush Creek Effigy,Crawford ,43.375,-91.153,1,0,0,,0,0,0,0,0,0,0,0,0,0,1,,,,,,,,unknown,0,0,0,0,0,0,0,0,0,,,,,,,,,,,
Rush Creek I,Crawford ,43.374,-91.152,39,0,0,2,0,1,0,0,0,0,2,0,0,0,3,1,12,,,,,1,intact,0,0,0,4,0,0,0,0,1,,,,,,,,,,,
Rush Creek II,Crawford ,43.376,-91.147,2,0,0,,0,0,0,0,0,0,0,0,0,0,,,,,,1,,,unknown,0,0,0,0,0,0,0,0,1,,,,,,,,,,,
Sand Creek,Crawford ,43.286,-90.84,8,0,2,,0,0,0,0,0,0,0,0,0,0,,,5,,,,,,unknown,0,0,0,0,0,0,0,0,0,,,,,,,,,,,
Sand Hill Road Spring,Crawford ,43.285,-90.84,3,0,0,3,0,0,0,0,0,0,0,0,0,0,,,,,,,,,unknown,0,0,0,0,0,0,0,0,0,,,,,,,,,,,
Selch I,Crawford ,43.023,-91.109,3,0,0,2,0,0,0,0,0,0,0,0,0,0,,,1,,,,,,intact,0,0,0,0,0,0,0,0,0,,,,,,,,,,,
Sherry I,Crawford ,43.393,-90.797,18,0,0,1,0,0,0,0,0,0,0,0,0,0,,,4,,,,,,unknown,0,0,0,0,1,0,0,0,0,,,,,,,,,,,
Slough,Crawford ,43.01,-91.032,22,0,0,1,0,1,0,0,0,0,0,0,0,0,,,11,,,,,,destroyed,0,0,0,0,0,0,0,0,0,,,,,,,,,,,
Smith II,Crawford ,43.283,-91.035,1,0,0,0,0,1,0,0,0,0,0,0,0,0,,,,,,,,,unknown,0,0,0,0,0,0,0,0,0,,,,,,,,,,,
Smith Hollow,Crawford ,43.359,-90.815,19,0,2,3,0,0,0,0,0,0,0,0,0,0,,,1,,,,,,destroyed,0,0,0,0,0,0,0,0,0,,,,,,,,,,,
Soaring Buzzard,Crawford ,43.166,-91.133,1,0,0,1,0,0,0,0,0,0,0,0,0,0,,,,,,,,,intact,0,0,0,0,0,0,0,0,0,,,,,,,,,,,
Soldier's Grove,Crawford ,43.402,-90.767,20,0,0,2,0,0,0,0,0,0,0,0,0,0,2,,10,,,,,,destroyed,0,0,0,0,0,0,0,0,0,,,,,,,,,,,
Straight Line,Crawford ,43.356,-90.838,5,0,0,1,0,0,0,0,0,0,0,0,0,0,,,4,,,,,,unknown,0,0,0,0,0,0,0,0,0,,,,,,,,,,,
Straka,Crawford ,43.125,-90.89,1,0,0,1,0,0,0,0,0,0,0,0,0,0,,,,,,,,,intact,0,0,0,0,0,0,0,0,0,,,,,,,,,,,
Strong Swallow,Crawford ,43.153,-91.013,1,,,,1,,,,,,,,,,,,,,,,,,unknown,0,0,0,0,0,0,,,,,,,,,,,,,,
Strong's Man Mound,Crawford ,43.212,-91.048,1,0,0,0,1,0,0,0,0,0,0,0,0,0,,,,,,,,,unknown,0,0,0,0,0,0,0,0,0,,,,,,,,,,,
Sully,Crawford ,43.272,-91.037,1,0,0,0,0,0,0,0,0,0,0,0,0,0,,,,,,,,,intact,0,0,0,0,0,0,0,0,0,,,,,,,,,,,
Swatek Ridge,Crawford ,43.198,-91.012,18,0,0,3,1,3,0,0,0,0,0,0,0,0,,,9,,,,,,unknown,0,0,0,0,0,0,0,0,0,,,,,,,,,,,
Varo,Crawford ,43.201,-91.108,3,0,0,0,1,0,0,0,0,0,0,0,0,0,,,2,,,,,,intact,0,0,0,0,0,0,0,0,0,,,,,,,,,,,
Vilas/Flucke,Crawford ,43.009,-91.149,62,0,0,0,0,1,0,0,0,0,0,0,0,0,,,5,,,,,,partially destroyed,0,0,0,0,0,0,0,0,0,,,,,,,,,,,
Wall Ridge,Crawford ,43.187,-91.067,1,0,0,0,1,0,0,0,0,0,0,0,0,0,,,,,,,,,unknown,0,0,0,0,0,0,0,0,0,,,,,,,,,,,
Wall-Smethurst,Crawford ,43.201,-91.111,12,0,0,1,0,0,0,0,0,0,0,0,0,0,,,1,,,,,,unknown,0,0,0,0,0,0,0,0,0,,,,,,,,,,,
Wallin I,Crawford ,43.243,-91.054,3,0,0,1,0,0,0,0,0,0,0,0,0,0,,,,,,,,,unknown,0,0,0,0,0,0,0,0,0,,,,,,,,,,,
Wauzeka Ridge I,Crawford ,43.095,-90.869,2,0,2,0,0,0,0,0,0,0,0,0,0,0,,,,,,,,,unknown,0,0,0,0,0,0,0,0,0,,,,,,,,,,,
Wauzeka Ridge II,Crawford ,43.094,-90.873,3,0,2,0,0,0,0,0,0,0,0,0,0,0,,,,,1,,,,unknown,0,0,0,0,0,0,0,0,0,,,,,,,,,,,
Wauzeka Terrace East,Crawford ,43.085,-90.879,4,0,0,2,0,0,0,0,0,0,0,0,0,0,,,,,1,,,,unknown,0,0,0,0,1,0,0,0,0,,,,,,,,,,,
Wauzeka Terrace West,Crawford ,43.084,-90.92,4,0,0,2,0,0,0,0,0,0,0,0,0,0,,,,,1,,,,unknown,0,0,0,0,1,0,0,0,0,,,,,,,,,,,
X-131,Crawford ,43.361,-90.812,8,0,1,2,0,0,0,0,0,0,0,0,0,0,,,4,,,,,,destroyed,0,0,0,0,0,0,0,0,0,,,,,,,,,,,
Zinkle I,Crawford ,43.137,-91.106,2,0,0,1,0,0,0,0,0,0,0,0,0,0,,,,,,,,,destroyed,0,0,0,0,0,0,0,0,0,,,,,,,,,,,
,,,,4172,,387,279,,,,,,,,,,,,,,,,,,,,,,,,,,,,,,,,,,,,,,,
,,,,,,,,,,,,,,,,,,,,,,,,,,,,,,,,,,,,,,,,,,,,,,
,,,,,,,,,,,,,,,,,,,,,,,,,,,,,,,,,,,,,,,,,,,,,,
,,,,,,,,,,,,,,,,,,,,,,,,,,,,,,,,,,,,,,,,,,,,,,
,,,,,,,,,,,,,,,,,,,,,,,,,,,,,,,,,,,,,,,,,,,,,,
,,,,,,,,,,,,,,,,,,,,,,,,,,,,,,,,,,,,,,,,,,,,,,
,,,,,,,,,,,,,,,,,,,,,,,,,,,,,,,,,,,,,,,,,,,,,,
,,,,,,,,,,,,,,,,,,,,,,,,,,,,,,,,,,,,,,,,,,,,,,
,,,,,,,,,,,,,,,,,,,,,,,,,,,,,,,,,,,,,,,,,,,,,,
,,,,,,,,,,,,,,,,,,,,,,,,,,,,,,,,,,,,,,,,,,,,,,
,,,,,,,,,,,,,,,,,,,,,,,,,,,,,,,,,,,,,,,,,,,,,,
,,,,,,,,,,,,,,,,,,,,,,,,,,,,,,,,,,,,,,,,,,,,,,
,,,,,,,,,,,,,,,,,,,,,,,,,,,,,,,,,,,,,,,,,,,,,,
,,,,,,,,,,,,,,,,,,,,,,,,,,,,,,,,,,,,,,,,,,,,,,
,,,,,,,,,,,,,,,,,,,,,,,,,,,,,,,,,,,,,,,,,,,,,,
,,,,,,,,,,,,,,,,,,,,,,,,,,,,,,,,,,,,,,,,,,,,,,
,,,,,,,,,,,,,,,,,,,,,,,,,,,,,,,,,,,,,,,,,,,,,,
,,,,,,,,,,,,,,,,,,,,,,,,,,,,,,,,,,,,,,,,,,,,,,
,,,,,,,,,,,,,,,,,,,,,,,,,,,,,,,,,,,,,,,,,,,,,,
,,,,,,,,,,,,,,,,,,,,,,,,,,,,,,,,,,,,,,,,,,,,,,
,,,,,,,,,,,,,,,,,,,,,,,,,,,,,,,,,,,,,,,,,,,,,,
,,,,,,,,,,,,,,,,,,,,,,,,,,,,,,,,,,,,,,,,,,,,,,
,,,,,,,,,,,,,,,,,,,,,,,,,,,,,,,,,,,,,,,,,,,,,,
,,,,,,,,,,,,,,,,,,,,,,,,,,,,,,,,,,,,,,,,,,,,,,
,,,,,,,,,,,,,,,,,,,,,,,,,,,,,,,,,,,,,,,,,,,,,,
,,,,,,,,,,,,,,,,,,,,,,,,,,,,,,,,,,,,,,,,,,,,,,
,,,,,,,,,,,,,,,,,,,,,,,,,,,,,,,,,,,,,,,,,,,,,,
,,,,,,,,,,,,,,,,,,,,,,,,,,,,,,,,,,,,,,,,,,,,,,
,,,,,,,,,,,,,,,,,,,,,,,,,,,,,,,,,,,,,,,,,,,,,,
,,,,,,,,,,,,,,,,,,,,,,,,,,,,,,,,,,,,,,,,,,,,,,
,,,,,,,,,,,,,,,,,,,,,,,,,,,,,,,,,,,,,,,,,,,,,,
,,,,,,,,,,,,,,,,,,,,,,,,,,,,,,,,,,,,,,,,,,,,,,
,,,,,,,,,,,,,,,,,,,,,,,,,,,,,,,,,,,,,,,,,,,,,,
,,,,,,,,,,,,,,,,,,,,,,,,,,,,,,,,,,,,,,,,,,,,,,
,,,,,,,,,,,,,,,,,,,,,,,,,,,,,,,,,,,,,,,,,,,,,,
,,,,,,,,,,,,,,,,,,,,,,,,,,,,,,,,,,,,,,,,,,,,,,
,,,,,,,,,,,,,,,,,,,,,,,,,,,,,,,,,,,,,,,,,,,,,,
,,,,,,,,,,,,,,,,,,,,,,,,,,,,,,,,,,,,,,,,,,,,,,
,,,,,,,,,,,,,,,,,,,,,,,,,,,,,,,,,,,,,,,,,,,,,,
,,,,,,,,,,,,,,,,,,,,,,,,,,,,,,,,,,,,,,,,,,,,,,
,,,,,,,,,,,,,,,,,,,,,,,,,,,,,,,,,,,,,,,,,,,,,,
,,,,,,,,,,,,,,,,,,,,,,,,,,,,,,,,,,,,,,,,,,,,,,
,,,,,,,,,,,,,,,,,,,,,,,,,,,,,,,,,,,,,,,,,,,,,,
,,,,,,,,,,,,,,,,,,,,,,,,,,,,,,,,,,,,,,,,,,,,,,
,,,,,,,,,,,,,,,,,,,,,,,,,,,,,,,,,,,,,,,,,,,,,,
,,,,,,,,,,,,,,,,,,,,,,,,,,,,,,,,,,,,,,,,,,,,,,
,,,,,,,,,,,,,,,,,,,,,,,,,,,,,,,,,,,,,,,,,,,,,,
,,,,,,,,,,,,,,,,,,,,,,,,,,,,,,,,,,,,,,,,,,,,,,
,,,,,,,,,,,,,,,,,,,,,,,,,,,,,,,,,,,,,,,,,,,,,,
,,,,,,,,,,,,,,,,,,,,,,,,,,,,,,,,,,,,,,,,,,,,,,
,,,,,,,,,,,,,,,,,,,,,,,,,,,,,,,,,,,,,,,,,,,,,,
,,,,,,,,,,,,,,,,,,,,,,,,,,,,,,,,,,,,,,,,,,,,,,
,,,,,,,,,,,,,,,,,,,,,,,,,,,,,,,,,,,,,,,,,,,,,,
,,,,,,,,,,,,,,,,,,,,,,,,,,,,,,,,,,,,,,,,,,,,,,
,,,,,,,,,,,,,,,,,,,,,,,,,,,,,,,,,,,,,,,,,,,,,,
,,,,,,,,,,,,,,,,,,,,,,,,,,,,,,,,,,,,,,,,,,,,,,
,,,,,,,,,,,,,,,,,,,,,,,,,,,,,,,,,,,,,,,,,,,,,,
,,,,,,,,,,,,,,,,,,,,,,,,,,,,,,,,,,,,,,,,,,,,,,
,,,,,,,,,,,,,,,,,,,,,,,,,,,,,,,,,,,,,,,,,,,,,,
,,,,,,,,,,,,,,,,,,,,,,,,,,,,,,,,,,,,,,,,,,,,,,
,,,,,,,,,,,,,,,,,,,,,,,,,,,,,,,,,,,,,,,,,,,,,,
,,,,,,,,,,,,,,,,,,,,,,,,,,,,,,,,,,,,,,,,,,,,,,
,,,,,,,,,,,,,,,,,,,,,,,,,,,,,,,,,,,,,,,,,,,,,,
,,,,,,,,,,,,,,,,,,,,,,,,,,,,,,,,,,,,,,,,,,,,,,
,,,,,,,,,,,,,,,,,,,,,,,,,,,,,,,,,,,,,,,,,,,,,,
,,,,,,,,,,,,,,,,,,,,,,,,,,,,,,,,,,,,,,,,,,,,,,
,,,,,,,,,,,,,,,,,,,,,,,,,,,,,,,,,,,,,,,,,,,,,,
,,,,,,,,,,,,,,,,,,,,,,,,,,,,,,,,,,,,,,,,,,,,,,
,,,,,,,,,,,,,,,,,,,,,,,,,,,,,,,,,,,,,,,,,,,,,,
,,,,,,,,,,,,,,,,,,,,,,,,,,,,,,,,,,,,,,,,,,,,,,
,,,,,,,,,,,,,,,,,,,,,,,,,,,,,,,,,,,,,,,,,,,,,,
,,,,,,,,,,,,,,,,,,,,,,,,,,,,,,,,,,,,,,,,,,,,,,
,,,,,,,,,,,,,,,,,,,,,,,,,,,,,,,,,,,,,,,,,,,,,,
,,,,,,,,,,,,,,,,,,,,,,,,,,,,,,,,,,,,,,,,,,,,,,
,,,,,,,,,,,,,,,,,,,,,,,,,,,,,,,,,,,,,,,,,,,,,,
,,,,,,,,,,,,,,,,,,,,,,,,,,,,,,,,,,,,,,,,,,,,,,
,,,,,,,,,,,,,,,,,,,,,,,,,,,,,,,,,,,,,,,,,,,,,,
,,,,,,,,,,,,,,,,,,,,,,,,,,,,,,,,,,,,,,,,,,,,,,
,,,,,,,,,,,,,,,,,,,,,,,,,,,,,,,,,,,,,,,,,,,,,,
,,,,,,,,,,,,,,,,,,,,,,,,,,,,,,,,,,,,,,,,,,,,,,
,,,,,,,,,,,,,,,,,,,,,,,,,,,,,,,,,,,,,,,,,,,,,,
,,,,,,,,,,,,,,,,,,,,,,,,,,,,,,,,,,,,,,,,,,,,,,
,,,,,,,,,,,,,,,,,,,,,,,,,,,,,,,,,,,,,,,,,,,,,,
,,,,,,,,,,,,,,,,,,,,,,,,,,,,,,,,,,,,,,,,,,,,,,
,,,,,,,,,,,,,,,,,,,,,,,,,,,,,,,,,,,,,,,,,,,,,,
,,,,,,,,,,,,,,,,,,,,,,,,,,,,,,,,,,,,,,,,,,,,,,
,,,,,,,,,,,,,,,,,,,,,,,,,,,,,,,,,,,,,,,,,,,,,,
,,,,,,,,,,,,,,,,,,,,,,,,,,,,,,,,,,,,,,,,,,,,,,
,,,,,,,,,,,,,,,,,,,,,,,,,,,,,,,,,,,,,,,,,,,,,,
,,,,,,,,,,,,,,,,,,,,,,,,,,,,,,,,,,,,,,,,,,,,,,
,,,,,,,,,,,,,,,,,,,,,,,,,,,,,,,,,,,,,,,,,,,,,,
,,,,,,,,,,,,,,,,,,,,,,,,,,,,,,,,,,,,,,,,,,,,,,
,,,,,,,,,,,,,,,,,,,,,,,,,,,,,,,,,,,,,,,,,,,,,,
,,,,,,,,,,,,,,,,,,,,,,,,,,,,,,,,,,,,,,,,,,,,,,
,,,,,,,,,,,,,,,,,,,,,,,,,,,,,,,,,,,,,,,,,,,,,,
,,,,,,,,,,,,,,,,,,,,,,,,,,,,,,,,,,,,,,,,,,,,,,
,,,,,,,,,,,,,,,,,,,,,,,,,,,,,,,,,,,,,,,,,,,,,,
,,,,,,,,,,,,,,,,,,,,,,,,,,,,,,,,,,,,,,,,,,,,,,
,,,,,,,,,,,,,,,,,,,,,,,,,,,,,,,,,,,,,,,,,,,,,,
,,,,,,,,,,,,,,,,,,,,,,,,,,,,,,,,,,,,,,,,,,,,,,
,,,,,,,,,,,,,,,,,,,,,,,,,,,,,,,,,,,,,,,,,,,,,,
,,,,,,,,,,,,,,,,,,,,,,,,,,,,,,,,,,,,,,,,,,,,,,
,,,,,,,,,,,,,,,,,,,,,,,,,,,,,,,,,,,,,,,,,,,,,,
,,,,,,,,,,,,,,,,,,,,,,,,,,,,,,,,,,,,,,,,,,,,,,
,,,,,,,,,,,,,,,,,,,,,,,,,,,,,,,,,,,,,,,,,,,,,,
,,,,,,,,,,,,,,,,,,,,,,,,,,,,,,,,,,,,,,,,,,,,,,
,,,,,,,,,,,,,,,,,,,,,,,,,,,,,,,,,,,,,,,,,,,,,,
,,,,,,,,,,,,,,,,,,,,,,,,,,,,,,,,,,,,,,,,,,,,,,
,,,,,,,,,,,,,,,,,,,,,,,,,,,,,,,,,,,,,,,,,,,,,,
,,,,,,,,,,,,,,,,,,,,,,,,,,,,,,,,,,,,,,,,,,,,,,
,,,,,,,,,,,,,,,,,,,,,,,,,,,,,,,,,,,,,,,,,,,,,,
,,,,,,,,,,,,,,,,,,,,,,,,,,,,,,,,,,,,,,,,,,,,,,
,,,,,,,,,,,,,,,,,,,,,,,,,,,,,,,,,,,,,,,,,,,,,,
,,,,,,,,,,,,,,,,,,,,,,,,,,,,,,,,,,,,,,,,,,,,,,
,,,,,,,,,,,,,,,,,,,,,,,,,,,,,,,,,,,,,,,,,,,,,,
,,,,,,,,,,,,,,,,,,,,,,,,,,,,,,,,,,,,,,,,,,,,,,
,,,,,,,,,,,,,,,,,,,,,,,,,,,,,,,,,,,,,,,,,,,,,,
,,,,,,,,,,,,,,,,,,,,,,,,,,,,,,,,,,,,,,,,,,,,,,
,,,,,,,,,,,,,,,,,,,,,,,,,,,,,,,,,,,,,,,,,,,,,,
,,,,,,,,,,,,,,,,,,,,,,,,,,,,,,,,,,,,,,,,,,,,,,
,,,,,,,,,,,,,,,,,,,,,,,,,,,,,,,,,,,,,,,,,,,,,,
,,,,,,,,,,,,,,,,,,,,,,,,,,,,,,,,,,,,,,,,,,,,,,
,,,,,,,,,,,,,,,,,,,,,,,,,,,,,,,,,,,,,,,,,,,,,,
,,,,,,,,,,,,,,,,,,,,,,,,,,,,,,,,,,,,,,,,,,,,,,
,,,,,,,,,,,,,,,,,,,,,,,,,,,,,,,,,,,,,,,,,,,,,,
,,,,,,,,,,,,,,,,,,,,,,,,,,,,,,,,,,,,,,,,,,,,,,
,,,,,,,,,,,,,,,,,,,,,,,,,,,,,,,,,,,,,,,,,,,,,,
,,,,,,,,,,,,,,,,,,,,,,,,,,,,,,,,,,,,,,,,,,,,,,
,,,,,,,,,,,,,,,,,,,,,,,,,,,,,,,,,,,,,,,,,,,,,,
,,,,,,,,,,,,,,,,,,,,,,,,,,,,,,,,,,,,,,,,,,,,,,
,,,,,,,,,,,,,,,,,,,,,,,,,,,,,,,,,,,,,,,,,,,,,,
,,,,,,,,,,,,,,,,,,,,,,,,,,,,,,,,,,,,,,,,,,,,,,
,,,,,,,,,,,,,,,,,,,,,,,,,,,,,,,,,,,,,,,,,,,,,,
,,,,,,,,,,,,,,,,,,,,,,,,,,,,,,,,,,,,,,,,,,,,,,
,,,,,,,,,,,,,,,,,,,,,,,,,,,,,,,,,,,,,,,,,,,,,,
,,,,,,,,,,,,,,,,,,,,,,,,,,,,,,,,,,,,,,,,,,,,,,
,,,,,,,,,,,,,,,,,,,,,,,,,,,,,,,,,,,,,,,,,,,,,,
,,,,,,,,,,,,,,,,,,,,,,,,,,,,,,,,,,,,,,,,,,,,,,
,,,,,,,,,,,,,,,,,,,,,,,,,,,,,,,,,,,,,,,,,,,,,,
,,,,,,,,,,,,,,,,,,,,,,,,,,,,,,,,,,,,,,,,,,,,,,
,,,,,,,,,,,,,,,,,,,,,,,,,,,,,,,,,,,,,,,,,,,,,,
,,,,,,,,,,,,,,,,,,,,,,,,,,,,,,,,,,,,,,,,,,,,,,
,,,,,,,,,,,,,,,,,,,,,,,,,,,,,,,,,,,,,,,,,,,,,,
,,,,,,,,,,,,,,,,,,,,,,,,,,,,,,,,,,,,,,,,,,,,,,
,,,,,,,,,,,,,,,,,,,,,,,,,,,,,,,,,,,,,,,,,,,,,,
,,,,,,,,,,,,,,,,,,,,,,,,,,,,,,,,,,,,,,,,,,,,,,
,,,,,,,,,,,,,,,,,,,,,,,,,,,,,,,,,,,,,,,,,,,,,,
,,,,,,,,,,,,,,,,,,,,,,,,,,,,,,,,,,,,,,,,,,,,,,
,,,,,,,,,,,,,,,,,,,,,,,,,,,,,,,,,,,,,,,,,,,,,,
,,,,,,,,,,,,,,,,,,,,,,,,,,,,,,,,,,,,,,,,,,,,,,
,,,,,,,,,,,,,,,,,,,,,,,,,,,,,,,,,,,,,,,,,,,,,,
,,,,,,,,,,,,,,,,,,,,,,,,,,,,,,,,,,,,,,,,,,,,,,
,,,,,,,,,,,,,,,,,,,,,,,,,,,,,,,,,,,,,,,,,,,,,,
,,,,,,,,,,,,,,,,,,,,,,,,,,,,,,,,,,,,,,,,,,,,,,
,,,,,,,,,,,,,,,,,,,,,,,,,,,,,,,,,,,,,,,,,,,,,,
,,,,,,,,,,,,,,,,,,,,,,,,,,,,,,,,,,,,,,,,,,,,,,
,,,,,,,,,,,,,,,,,,,,,,,,,,,,,,,,,,,,,,,,,,,,,,
,,,,,,,,,,,,,,,,,,,,,,,,,,,,,,,,,,,,,,,,,,,,,,
,,,,,,,,,,,,,,,,,,,,,,,,,,,,,,,,,,,,,,,,,,,,,,
,,,,,,,,,,,,,,,,,,,,,,,,,,,,,,,,,,,,,,,,,,,,,,
,,,,,,,,,,,,,,,,,,,,,,,,,,,,,,,,,,,,,,,,,,,,,,
,,,,,,,,,,,,,,,,,,,,,,,,,,,,,,,,,,,,,,,,,,,,,,
,,,,,,,,,,,,,,,,,,,,,,,,,,,,,,,,,,,,,,,,,,,,,,
,,,,,,,,,,,,,,,,,,,,,,,,,,,,,,,,,,,,,,,,,,,,,,
,,,,,,,,,,,,,,,,,,,,,,,,,,,,,,,,,,,,,,,,,,,,,,
,,,,,,,,,,,,,,,,,,,,,,,,,,,,,,,,,,,,,,,,,,,,,,
,,,,,,,,,,,,,,,,,,,,,,,,,,,,,,,,,,,,,,,,,,,,,,
,,,,,,,,,,,,,,,,,,,,,,,,,,,,,,,,,,,,,,,,,,,,,,
,,,,,,,,,,,,,,,,,,,,,,,,,,,,,,,,,,,,,,,,,,,,,,
,,,,,,,,,,,,,,,,,,,,,,,,,,,,,,,,,,,,,,,,,,,,,,
,,,,,,,,,,,,,,,,,,,,,,,,,,,,,,,,,,,,,,,,,,,,,,
,,,,,,,,,,,,,,,,,,,,,,,,,,,,,,,,,,,,,,,,,,,,,,
,,,,,,,,,,,,,,,,,,,,,,,,,,,,,,,,,,,,,,,,,,,,,,
,,,,,,,,,,,,,,,,,,,,,,,,,,,,,,,,,,,,,,,,,,,,,,
,,,,,,,,,,,,,,,,,,,,,,,,,,,,,,,,,,,,,,,,,,,,,,
,,,,,,,,,,,,,,,,,,,,,,,,,,,,,,,,,,,,,,,,,,,,,,
,,,,,,,,,,,,,,,,,,,,,,,,,,,,,,,,,,,,,,,,,,,,,,
,,,,,,,,,,,,,,,,,,,,,,,,,,,,,,,,,,,,,,,,,,,,,,
,,,,,,,,,,,,,,,,,,,,,,,,,,,,,,,,,,,,,,,,,,,,,,
,,,,,,,,,,,,,,,,,,,,,,,,,,,,,,,,,,,,,,,,,,,,,,
,,,,,,,,,,,,,,,,,,,,,,,,,,,,,,,,,,,,,,,,,,,,,,
,,,,,,,,,,,,,,,,,,,,,,,,,,,,,,,,,,,,,,,,,,,,,,
,,,,,,,,,,,,,,,,,,,,,,,,,,,,,,,,,,,,,,,,,,,,,,
,,,,,,,,,,,,,,,,,,,,,,,,,,,,,,,,,,,,,,,,,,,,,,
,,,,,,,,,,,,,,,,,,,,,,,,,,,,,,,,,,,,,,,,,,,,,,
,,,,,,,,,,,,,,,,,,,,,,,,,,,,,,,,,,,,,,,,,,,,,,
,,,,,,,,,,,,,,,,,,,,,,,,,,,,,,,,,,,,,,,,,,,,,,
,,,,,,,,,,,,,,,,,,,,,,,,,,,,,,,,,,,,,,,,,,,,,,
,,,,,,,,,,,,,,,,,,,,,,,,,,,,,,,,,,,,,,,,,,,,,,
,,,,,,,,,,,,,,,,,,,,,,,,,,,,,,,,,,,,,,,,,,,,,,
,,,,,,,,,,,,,,,,,,,,,,,,,,,,,,,,,,,,,,,,,,,,,,
,,,,,,,,,,,,,,,,,,,,,,,,,,,,,,,,,,,,,,,,,,,,,,
,,,,,,,,,,,,,,,,,,,,,,,,,,,,,,,,,,,,,,,,,,,,,,
,,,,,,,,,,,,,,,,,,,,,,,,,,,,,,,,,,,,,,,,,,,,,,
,,,,,,,,,,,,,,,,,,,,,,,,,,,,,,,,,,,,,,,,,,,,,,
,,,,,,,,,,,,,,,,,,,,,,,,,,,,,,,,,,,,,,,,,,,,,,
,,,,,,,,,,,,,,,,,,,,,,,,,,,,,,,,,,,,,,,,,,,,,,
,,,,,,,,,,,,,,,,,,,,,,,,,,,,,,,,,,,,,,,,,,,,,,
,,,,,,,,,,,,,,,,,,,,,,,,,,,,,,,,,,,,,,,,,,,,,,
,,,,,,,,,,,,,,,,,,,,,,,,,,,,,,,,,,,,,,,,,,,,,,
,,,,,,,,,,,,,,,,,,,,,,,,,,,,,,,,,,,,,,,,,,,,,,
,,,,,,,,,,,,,,,,,,,,,,,,,,,,,,,,,,,,,,,,,,,,,,
,,,,,,,,,,,,,,,,,,,,,,,,,,,,,,,,,,,,,,,,,,,,,,
,,,,,,,,,,,,,,,,,,,,,,,,,,,,,,,,,,,,,,,,,,,,,,
,,,,,,,,,,,,,,,,,,,,,,,,,,,,,,,,,,,,,,,,,,,,,,
,,,,,,,,,,,,,,,,,,,,,,,,,,,,,,,,,,,,,,,,,,,,,,
,,,,,,,,,,,,,,,,,,,,,,,,,,,,,,,,,,,,,,,,,,,,,,
,,,,,,,,,,,,,,,,,,,,,,,,,,,,,,,,,,,,,,,,,,,,,,
,,,,,,,,,,,,,,,,,,,,,,,,,,,,,,,,,,,,,,,,,,,,,,
,,,,,,,,,,,,,,,,,,,,,,,,,,,,,,,,,,,,,,,,,,,,,,
,,,,,,,,,,,,,,,,,,,,,,,,,,,,,,,,,,,,,,,,,,,,,,
,,,,,,,,,,,,,,,,,,,,,,,,,,,,,,,,,,,,,,,,,,,,,,
,,,,,,,,,,,,,,,,,,,,,,,,,,,,,,,,,,,,,,,,,,,,,,
,,,,,,,,,,,,,,,,,,,,,,,,,,,,,,,,,,,,,,,,,,,,,,
,,,,,,,,,,,,,,,,,,,,,,,,,,,,,,,,,,,,,,,,,,,,,,
,,,,,,,,,,,,,,,,,,,,,,,,,,,,,,,,,,,,,,,,,,,,,,
,,,,,,,,,,,,,,,,,,,,,,,,,,,,,,,,,,,,,,,,,,,,,,
,,,,,,,,,,,,,,,,,,,,,,,,,,,,,,,,,,,,,,,,,,,,,,
,,,,,,,,,,,,,,,,,,,,,,,,,,,,,,,,,,,,,,,,,,,,,,
,,,,,,,,,,,,,,,,,,,,,,,,,,,,,,,,,,,,,,,,,,,,,,
,,,,,,,,,,,,,,,,,,,,,,,,,,,,,,,,,,,,,,,,,,,,,,
,,,,,,,,,,,,,,,,,,,,,,,,,,,,,,,,,,,,,,,,,,,,,,
,,,,,,,,,,,,,,,,,,,,,,,,,,,,,,,,,,,,,,,,,,,,,,
,,,,,,,,,,,,,,,,,,,,,,,,,,,,,,,,,,,,,,,,,,,,,,
,,,,,,,,,,,,,,,,,,,,,,,,,,,,,,,,,,,,,,,,,,,,,,
,,,,,,,,,,,,,,,,,,,,,,,,,,,,,,,,,,,,,,,,,,,,,,
,,,,,,,,,,,,,,,,,,,,,,,,,,,,,,,,,,,,,,,,,,,,,,
,,,,,,,,,,,,,,,,,,,,,,,,,,,,,,,,,,,,,,,,,,,,,,
,,,,,,,,,,,,,,,,,,,,,,,,,,,,,,,,,,,,,,,,,,,,,,
,,,,,,,,,,,,,,,,,,,,,,,,,,,,,,,,,,,,,,,,,,,,,,
,,,,,,,,,,,,,,,,,,,,,,,,,,,,,,,,,,,,,,,,,,,,,,
,,,,,,,,,,,,,,,,,,,,,,,,,,,,,,,,,,,,,,,,,,,,,,
,,,,,,,,,,,,,,,,,,,,,,,,,,,,,,,,,,,,,,,,,,,,,,
,,,,,,,,,,,,,,,,,,,,,,,,,,,,,,,,,,,,,,,,,,,,,,
,,,,,,,,,,,,,,,,,,,,,,,,,,,,,,,,,,,,,,,,,,,,,,
,,,,,,,,,,,,,,,,,,,,,,,,,,,,,,,,,,,,,,,,,,,,,,
,,,,,,,,,,,,,,,,,,,,,,,,,,,,,,,,,,,,,,,,,,,,,,
,,,,,,,,,,,,,,,,,,,,,,,,,,,,,,,,,,,,,,,,,,,,,,
,,,,,,,,,,,,,,,,,,,,,,,,,,,,,,,,,,,,,,,,,,,,,,
,,,,,,,,,,,,,,,,,,,,,,,,,,,,,,,,,,,,,,,,,,,,,,
,,,,,,,,,,,,,,,,,,,,,,,,,,,,,,,,,,,,,,,,,,,,,,
,,,,,,,,,,,,,,,,,,,,,,,,,,,,,,,,,,,,,,,,,,,,,,
,,,,,,,,,,,,,,,,,,,,,,,,,,,,,,,,,,,,,,,,,,,,,,
,,,,,,,,,,,,,,,,,,,,,,,,,,,,,,,,,,,,,,,,,,,,,,
,,,,,,,,,,,,,,,,,,,,,,,,,,,,,,,,,,,,,,,,,,,,,,
,,,,,,,,,,,,,,,,,,,,,,,,,,,,,,,,,,,,,,,,,,,,,,
,,,,,,,,,,,,,,,,,,,,,,,,,,,,,,,,,,,,,,,,,,,,,,
,,,,,,,,,,,,,,,,,,,,,,,,,,,,,,,,,,,,,,,,,,,,,,
,,,,,,,,,,,,,,,,,,,,,,,,,,,,,,,,,,,,,,,,,,,,,,
,,,,,,,,,,,,,,,,,,,,,,,,,,,,,,,,,,,,,,,,,,,,,,
,,,,,,,,,,,,,,,,,,,,,,,,,,,,,,,,,,,,,,,,,,,,,,
,,,,,,,,,,,,,,,,,,,,,,,,,,,,,,,,,,,,,,,,,,,,,,
,,,,,,,,,,,,,,,,,,,,,,,,,,,,,,,,,,,,,,,,,,,,,,
,,,,,,,,,,,,,,,,,,,,,,,,,,,,,,,,,,,,,,,,,,,,,,
,,,,,,,,,,,,,,,,,,,,,,,,,,,,,,,,,,,,,,,,,,,,,,
,,,,,,,,,,,,,,,,,,,,,,,,,,,,,,,,,,,,,,,,,,,,,,
,,,,,,,,,,,,,,,,,,,,,,,,,,,,,,,,,,,,,,,,,,,,,,
,,,,,,,,,,,,,,,,,,,,,,,,,,,,,,,,,,,,,,,,,,,,,,
,,,,,,,,,,,,,,,,,,,,,,,,,,,,,,,,,,,,,,,,,,,,,,
,,,,,,,,,,,,,,,,,,,,,,,,,,,,,,,,,,,,,,,,,,,,,,
,,,,,,,,,,,,,,,,,,,,,,,,,,,,,,,,,,,,,,,,,,,,,,
,,,,,,,,,,,,,,,,,,,,,,,,,,,,,,,,,,,,,,,,,,,,,,
,,,,,,,,,,,,,,,,,,,,,,,,,,,,,,,,,,,,,,,,,,,,,,
,,,,,,,,,,,,,,,,,,,,,,,,,,,,,,,,,,,,,,,,,,,,,,
,,,,,,,,,,,,,,,,,,,,,,,,,,,,,,,,,,,,,,,,,,,,,,
,,,,,,,,,,,,,,,,,,,,,,,,,,,,,,,,,,,,,,,,,,,,,,
,,,,,,,,,,,,,,,,,,,,,,,,,,,,,,,,,,,,,,,,,,,,,,
,,,,,,,,,,,,,,,,,,,,,,,,,,,,,,,,,,,,,,,,,,,,,,
,,,,,,,,,,,,,,,,,,,,,,,,,,,,,,,,,,,,,,,,,,,,,,
,,,,,,,,,,,,,,,,,,,,,,,,,,,,,,,,,,,,,,,,,,,,,,
,,,,,,,,,,,,,,,,,,,,,,,,,,,,,,,,,,,,,,,,,,,,,,
,,,,,,,,,,,,,,,,,,,,,,,,,,,,,,,,,,,,,,,,,,,,,,
,,,,,,,,,,,,,,,,,,,,,,,,,,,,,,,,,,,,,,,,,,,,,,
,,,,,,,,,,,,,,,,,,,,,,,,,,,,,,,,,,,,,,,,,,,,,,
,,,,,,,,,,,,,,,,,,,,,,,,,,,,,,,,,,,,,,,,,,,,,,
,,,,,,,,,,,,,,,,,,,,,,,,,,,,,,,,,,,,,,,,,,,,,,
,,,,,,,,,,,,,,,,,,,,,,,,,,,,,,,,,,,,,,,,,,,,,,
,,,,,,,,,,,,,,,,,,,,,,,,,,,,,,,,,,,,,,,,,,,,,,
,,,,,,,,,,,,,,,,,,,,,,,,,,,,,,,,,,,,,,,,,,,,,,
,,,,,,,,,,,,,,,,,,,,,,,,,,,,,,,,,,,,,,,,,,,,,,
,,,,,,,,,,,,,,,,,,,,,,,,,,,,,,,,,,,,,,,,,,,,,,
,,,,,,,,,,,,,,,,,,,,,,,,,,,,,,,,,,,,,,,,,,,,,,
,,,,,,,,,,,,,,,,,,,,,,,,,,,,,,,,,,,,,,,,,,,,,,
,,,,,,,,,,,,,,,,,,,,,,,,,,,,,,,,,,,,,,,,,,,,,,
,,,,,,,,,,,,,,,,,,,,,,,,,,,,,,,,,,,,,,,,,,,,,,
,,,,,,,,,,,,,,,,,,,,,,,,,,,,,,,,,,,,,,,,,,,,,,
,,,,,,,,,,,,,,,,,,,,,,,,,,,,,,,,,,,,,,,,,,,,,,
,,,,,,,,,,,,,,,,,,,,,,,,,,,,,,,,,,,,,,,,,,,,,,
,,,,,,,,,,,,,,,,,,,,,,,,,,,,,,,,,,,,,,,,,,,,,,
,,,,,,,,,,,,,,,,,,,,,,,,,,,,,,,,,,,,,,,,,,,,,,
,,,,,,,,,,,,,,,,,,,,,,,,,,,,,,,,,,,,,,,,,,,,,,
,,,,,,,,,,,,,,,,,,,,,,,,,,,,,,,,,,,,,,,,,,,,,,
,,,,,,,,,,,,,,,,,,,,,,,,,,,,,,,,,,,,,,,,,,,,,,
,,,,,,,,,,,,,,,,,,,,,,,,,,,,,,,,,,,,,,,,,,,,,,
,,,,,,,,,,,,,,,,,,,,,,,,,,,,,,,,,,,,,,,,,,,,,,
,,,,,,,,,,,,,,,,,,,,,,,,,,,,,,,,,,,,,,,,,,,,,,
,,,,,,,,,,,,,,,,,,,,,,,,,,,,,,,,,,,,,,,,,,,,,,
,,,,,,,,,,,,,,,,,,,,,,,,,,,,,,,,,,,,,,,,,,,,,,
,,,,,,,,,,,,,,,,,,,,,,,,,,,,,,,,,,,,,,,,,,,,,,
,,,,,,,,,,,,,,,,,,,,,,,,,,,,,,,,,,,,,,,,,,,,,,
,,,,,,,,,,,,,,,,,,,,,,,,,,,,,,,,,,,,,,,,,,,,,,
,,,,,,,,,,,,,,,,,,,,,,,,,,,,,,,,,,,,,,,,,,,,,,
,,,,,,,,,,,,,,,,,,,,,,,,,,,,,,,,,,,,,,,,,,,,,,
,,,,,,,,,,,,,,,,,,,,,,,,,,,,,,,,,,,,,,,,,,,,,,
,,,,,,,,,,,,,,,,,,,,,,,,,,,,,,,,,,,,,,,,,,,,,,
,,,,,,,,,,,,,,,,,,,,,,,,,,,,,,,,,,,,,,,,,,,,,,
,,,,,,,,,,,,,,,,,,,,,,,,,,,,,,,,,,,,,,,,,,,,,,
,,,,,,,,,,,,,,,,,,,,,,,,,,,,,,,,,,,,,,,,,,,,,,
,,,,,,,,,,,,,,,,,,,,,,,,,,,,,,,,,,,,,,,,,,,,,,
,,,,,,,,,,,,,,,,,,,,,,,,,,,,,,,,,,,,,,,,,,,,,,
,,,,,,,,,,,,,,,,,,,,,,,,,,,,,,,,,,,,,,,,,,,,,,
,,,,,,,,,,,,,,,,,,,,,,,,,,,,,,,,,,,,,,,,,,,,,,
,,,,,,,,,,,,,,,,,,,,,,,,,,,,,,,,,,,,,,,,,,,,,,
,,,,,,,,,,,,,,,,,,,,,,,,,,,,,,,,,,,,,,,,,,,,,,
,,,,,,,,,,,,,,,,,,,,,,,,,,,,,,,,,,,,,,,,,,,,,,
,,,,,,,,,,,,,,,,,,,,,,,,,,,,,,,,,,,,,,,,,,,,,,
,,,,,,,,,,,,,,,,,,,,,,,,,,,,,,,,,,,,,,,,,,,,,,
,,,,,,,,,,,,,,,,,,,,,,,,,,,,,,,,,,,,,,,,,,,,,,
,,,,,,,,,,,,,,,,,,,,,,,,,,,,,,,,,,,,,,,,,,,,,,
,,,,,,,,,,,,,,,,,,,,,,,,,,,,,,,,,,,,,,,,,,,,,,
,,,,,,,,,,,,,,,,,,,,,,,,,,,,,,,,,,,,,,,,,,,,,,
,,,,,,,,,,,,,,,,,,,,,,,,,,,,,,,,,,,,,,,,,,,,,,
,,,,,,,,,,,,,,,,,,,,,,,,,,,,,,,,,,,,,,,,,,,,,,
,,,,,,,,,,,,,,,,,,,,,,,,,,,,,,,,,,,,,,,,,,,,,,
,,,,,,,,,,,,,,,,,,,,,,,,,,,,,,,,,,,,,,,,,,,,,,
,,,,,,,,,,,,,,,,,,,,,,,,,,,,,,,,,,,,,,,,,,,,,,
,,,,,,,,,,,,,,,,,,,,,,,,,,,,,,,,,,,,,,,,,,,,,,
,,,,,,,,,,,,,,,,,,,,,,,,,,,,,,,,,,,,,,,,,,,,,,
,,,,,,,,,,,,,,,,,,,,,,,,,,,,,,,,,,,,,,,,,,,,,,
,,,,,,,,,,,,,,,,,,,,,,,,,,,,,,,,,,,,,,,,,,,,,,
,,,,,,,,,,,,,,,,,,,,,,,,,,,,,,,,,,,,,,,,,,,,,,
,,,,,,,,,,,,,,,,,,,,,,,,,,,,,,,,,,,,,,,,,,,,,,
,,,,,,,,,,,,,,,,,,,,,,,,,,,,,,,,,,,,,,,,,,,,,,
,,,,,,,,,,,,,,,,,,,,,,,,,,,,,,,,,,,,,,,,,,,,,,
,,,,,,,,,,,,,,,,,,,,,,,,,,,,,,,,,,,,,,,,,,,,,,
,,,,,,,,,,,,,,,,,,,,,,,,,,,,,,,,,,,,,,,,,,,,,,
,,,,,,,,,,,,,,,,,,,,,,,,,,,,,,,,,,,,,,,,,,,,,,
,,,,,,,,,,,,,,,,,,,,,,,,,,,,,,,,,,,,,,,,,,,,,,
,,,,,,,,,,,,,,,,,,,,,,,,,,,,,,,,,,,,,,,,,,,,,,
,,,,,,,,,,,,,,,,,,,,,,,,,,,,,,,,,,,,,,,,,,,,,,
,,,,,,,,,,,,,,,,,,,,,,,,,,,,,,,,,,,,,,,,,,,,,,
,,,,,,,,,,,,,,,,,,,,,,,,,,,,,,,,,,,,,,,,,,,,,,
,,,,,,,,,,,,,,,,,,,,,,,,,,,,,,,,,,,,,,,,,,,,,,
,,,,,,,,,,,,,,,,,,,,,,,,,,,,,,,,,,,,,,,,,,,,,,
,,,,,,,,,,,,,,,,,,,,,,,,,,,,,,,,,,,,,,,,,,,,,,
,,,,,,,,,,,,,,,,,,,,,,,,,,,,,,,,,,,,,,,,,,,,,,
,,,,,,,,,,,,,,,,,,,,,,,,,,,,,,,,,,,,,,,,,,,,,,
,,,,,,,,,,,,,,,,,,,,,,,,,,,,,,,,,,,,,,,,,,,,,,
,,,,,,,,,,,,,,,,,,,,,,,,,,,,,,,,,,,,,,,,,,,,,,
,,,,,,,,,,,,,,,,,,,,,,,,,,,,,,,,,,,,,,,,,,,,,,
,,,,,,,,,,,,,,,,,,,,,,,,,,,,,,,,,,,,,,,,,,,,,,
,,,,,,,,,,,,,,,,,,,,,,,,,,,,,,,,,,,,,,,,,,,,,,
,,,,,,,,,,,,,,,,,,,,,,,,,,,,,,,,,,,,,,,,,,,,,,
,,,,,,,,,,,,,,,,,,,,,,,,,,,,,,,,,,,,,,,,,,,,,,
,,,,,,,,,,,,,,,,,,,,,,,,,,,,,,,,,,,,,,,,,,,,,,
,,,,,,,,,,,,,,,,,,,,,,,,,,,,,,,,,,,,,,,,,,,,,,
,,,,,,,,,,,,,,,,,,,,,,,,,,,,,,,,,,,,,,,,,,,,,,
,,,,,,,,,,,,,,,,,,,,,,,,,,,,,,,,,,,,,,,,,,,,,,
,,,,,,,,,,,,,,,,,,,,,,,,,,,,,,,,,,,,,,,,,,,,,,
,,,,,,,,,,,,,,,,,,,,,,,,,,,,,,,,,,,,,,,,,,,,,,
,,,,,,,,,,,,,,,,,,,,,,,,,,,,,,,,,,,,,,,,,,,,,,
,,,,,,,,,,,,,,,,,,,,,,,,,,,,,,,,,,,,,,,,,,,,,,
,,,,,,,,,,,,,,,,,,,,,,,,,,,,,,,,,,,,,,,,,,,,,,
,,,,,,,,,,,,,,,,,,,,,,,,,,,,,,,,,,,,,,,,,,,,,,
,,,,,,,,,,,,,,,,,,,,,,,,,,,,,,,,,,,,,,,,,,,,,,
,,,,,,,,,,,,,,,,,,,,,,,,,,,,,,,,,,,,,,,,,,,,,,
,,,,,,,,,,,,,,,,,,,,,,,,,,,,,,,,,,,,,,,,,,,,,,
,,,,,,,,,,,,,,,,,,,,,,,,,,,,,,,,,,,,,,,,,,,,,,
,,,,,,,,,,,,,,,,,,,,,,,,,,,,,,,,,,,,,,,,,,,,,,
,,,,,,,,,,,,,,,,,,,,,,,,,,,,,,,,,,,,,,,,,,,,,,
,,,,,,,,,,,,,,,,,,,,,,,,,,,,,,,,,,,,,,,,,,,,,,
,,,,,,,,,,,,,,,,,,,,,,,,,,,,,,,,,,,,,,,,,,,,,,
,,,,,,,,,,,,,,,,,,,,,,,,,,,,,,,,,,,,,,,,,,,,,,
,,,,,,,,,,,,,,,,,,,,,,,,,,,,,,,,,,,,,,,,,,,,,,
,,,,,,,,,,,,,,,,,,,,,,,,,,,,,,,,,,,,,,,,,,,,,,
,,,,,,,,,,,,,,,,,,,,,,,,,,,,,,,,,,,,,,,,,,,,,,
,,,,,,,,,,,,,,,,,,,,,,,,,,,,,,,,,,,,,,,,,,,,,,
,,,,,,,,,,,,,,,,,,,,,,,,,,,,,,,,,,,,,,,,,,,,,,
,,,,,,,,,,,,,,,,,,,,,,,,,,,,,,,,,,,,,,,,,,,,,,
,,,,,,,,,,,,,,,,,,,,,,,,,,,,,,,,,,,,,,,,,,,,,,
,,,,,,,,,,,,,,,,,,,,,,,,,,,,,,,,,,,,,,,,,,,,,,
,,,,,,,,,,,,,,,,,,,,,,,,,,,,,,,,,,,,,,,,,,,,,,
,,,,,,,,,,,,,,,,,,,,,,,,,,,,,,,,,,,,,,,,,,,,,,
,,,,,,,,,,,,,,,,,,,,,,,,,,,,,,,,,,,,,,,,,,,,,,
,,,,,,,,,,,,,,,,,,,,,,,,,,,,,,,,,,,,,,,,,,,,,,
,,,,,,,,,,,,,,,,,,,,,,,,,,,,,,,,,,,,,,,,,,,,,,
,,,,,,,,,,,,,,,,,,,,,,,,,,,,,,,,,,,,,,,,,,,,,,
,,,,,,,,,,,,,,,,,,,,,,,,,,,,,,,,,,,,,,,,,,,,,,
,,,,,,,,,,,,,,,,,,,,,,,,,,,,,,,,,,,,,,,,,,,,,,
,,,,,,,,,,,,,,,,,,,,,,,,,,,,,,,,,,,,,,,,,,,,,,
,,,,,,,,,,,,,,,,,,,,,,,,,,,,,,,,,,,,,,,,,,,,,,
,,,,,,,,,,,,,,,,,,,,,,,,,,,,,,,,,,,,,,,,,,,,,,
,,,,,,,,,,,,,,,,,,,,,,,,,,,,,,,,,,,,,,,,,,,,,,
,,,,,,,,,,,,,,,,,,,,,,,,,,,,,,,,,,,,,,,,,,,,,,
,,,,,,,,,,,,,,,,,,,,,,,,,,,,,,,,,,,,,,,,,,,,,,
,,,,,,,,,,,,,,,,,,,,,,,,,,,,,,,,,,,,,,,,,,,,,,
,,,,,,,,,,,,,,,,,,,,,,,,,,,,,,,,,,,,,,,,,,,,,,
,,,,,,,,,,,,,,,,,,,,,,,,,,,,,,,,,,,,,,,,,,,,,,
,,,,,,,,,,,,,,,,,,,,,,,,,,,,,,,,,,,,,,,,,,,,,,
,,,,,,,,,,,,,,,,,,,,,,,,,,,,,,,,,,,,,,,,,,,,,,
,,,,,,,,,,,,,,,,,,,,,,,,,,,,,,,,,,,,,,,,,,,,,,
,,,,,,,,,,,,,,,,,,,,,,,,,,,,,,,,,,,,,,,,,,,,,,
,,,,,,,,,,,,,,,,,,,,,,,,,,,,,,,,,,,,,,,,,,,,,,
,,,,,,,,,,,,,,,,,,,,,,,,,,,,,,,,,,,,,,,,,,,,,,
,,,,,,,,,,,,,,,,,,,,,,,,,,,,,,,,,,,,,,,,,,,,,,
,,,,,,,,,,,,,,,,,,,,,,,,,,,,,,,,,,,,,,,,,,,,,,
,,,,,,,,,,,,,,,,,,,,,,,,,,,,,,,,,,,,,,,,,,,,,,
,,,,,,,,,,,,,,,,,,,,,,,,,,,,,,,,,,,,,,,,,,,,,,
,,,,,,,,,,,,,,,,,,,,,,,,,,,,,,,,,,,,,,,,,,,,,,
,,,,,,,,,,,,,,,,,,,,,,,,,,,,,,,,,,,,,,,,,,,,,,
,,,,,,,,,,,,,,,,,,,,,,,,,,,,,,,,,,,,,,,,,,,,,,
,,,,,,,,,,,,,,,,,,,,,,,,,,,,,,,,,,,,,,,,,,,,,,
,,,,,,,,,,,,,,,,,,,,,,,,,,,,,,,,,,,,,,,,,,,,,,
,,,,,,,,,,,,,,,,,,,,,,,,,,,,,,,,,,,,,,,,,,,,,,
,,,,,,,,,,,,,,,,,,,,,,,,,,,,,,,,,,,,,,,,,,,,,,
,,,,,,,,,,,,,,,,,,,,,,,,,,,,,,,,,,,,,,,,,,,,,,
,,,,,,,,,,,,,,,,,,,,,,,,,,,,,,,,,,,,,,,,,,,,,,
,,,,,,,,,,,,,,,,,,,,,,,,,,,,,,,,,,,,,,,,,,,,,,
,,,,,,,,,,,,,,,,,,,,,,,,,,,,,,,,,,,,,,,,,,,,,,
,,,,,,,,,,,,,,,,,,,,,,,,,,,,,,,,,,,,,,,,,,,,,,
,,,,,,,,,,,,,,,,,,,,,,,,,,,,,,,,,,,,,,,,,,,,,,
,,,,,,,,,,,,,,,,,,,,,,,,,,,,,,,,,,,,,,,,,,,,,,
,,,,,,,,,,,,,,,,,,,,,,,,,,,,,,,,,,,,,,,,,,,,,,
,,,,,,,,,,,,,,,,,,,,,,,,,,,,,,,,,,,,,,,,,,,,,,
,,,,,,,,,,,,,,,,,,,,,,,,,,,,,,,,,,,,,,,,,,,,,,
,,,,,,,,,,,,,,,,,,,,,,,,,,,,,,,,,,,,,,,,,,,,,,
,,,,,,,,,,,,,,,,,,,,,,,,,,,,,,,,,,,,,,,,,,,,,,
,,,,,,,,,,,,,,,,,,,,,,,,,,,,,,,,,,,,,,,,,,,,,,
,,,,,,,,,,,,,,,,,,,,,,,,,,,,,,,,,,,,,,,,,,,,,,
,,,,,,,,,,,,,,,,,,,,,,,,,,,,,,,,,,,,,,,,,,,,,,
,,,,,,,,,,,,,,,,,,,,,,,,,,,,,,,,,,,,,,,,,,,,,,
,,,,,,,,,,,,,,,,,,,,,,,,,,,,,,,,,,,,,,,,,,,,,,
,,,,,,,,,,,,,,,,,,,,,,,,,,,,,,,,,,,,,,,,,,,,,,
,,,,,,,,,,,,,,,,,,,,,,,,,,,,,,,,,,,,,,,,,,,,,,
,,,,,,,,,,,,,,,,,,,,,,,,,,,,,,,,,,,,,,,,,,,,,,
,,,,,,,,,,,,,,,,,,,,,,,,,,,,,,,,,,,,,,,,,,,,,,
,,,,,,,,,,,,,,,,,,,,,,,,,,,,,,,,,,,,,,,,,,,,,,
,,,,,,,,,,,,,,,,,,,,,,,,,,,,,,,,,,,,,,,,,,,,,,
,,,,,,,,,,,,,,,,,,,,,,,,,,,,,,,,,,,,,,,,,,,,,,
,,,,,,,,,,,,,,,,,,,,,,,,,,,,,,,,,,,,,,,,,,,,,,
,,,,,,,,,,,,,,,,,,,,,,,,,,,,,,,,,,,,,,,,,,,,,,
,,,,,,,,,,,,,,,,,,,,,,,,,,,,,,,,,,,,,,,,,,,,,,
,,,,,,,,,,,,,,,,,,,,,,,,,,,,,,,,,,,,,,,,,,,,,,
,,,,,,,,,,,,,,,,,,,,,,,,,,,,,,,,,,,,,,,,,,,,,,
,,,,,,,,,,,,,,,,,,,,,,,,,,,,,,,,,,,,,,,,,,,,,,
,,,,,,,,,,,,,,,,,,,,,,,,,,,,,,,,,,,,,,,,,,,,,,
,,,,,,,,,,,,,,,,,,,,,,,,,,,,,,,,,,,,,,,,,,,,,,
,,,,,,,,,,,,,,,,,,,,,,,,,,,,,,,,,,,,,,,,,,,,,,
,,,,,,,,,,,,,,,,,,,,,,,,,,,,,,,,,,,,,,,,,,,,,,
,,,,,,,,,,,,,,,,,,,,,,,,,,,,,,,,,,,,,,,,,,,,,,
,,,,,,,,,,,,,,,,,,,,,,,,,,,,,,,,,,,,,,,,,,,,,,
,,,,,,,,,,,,,,,,,,,,,,,,,,,,,,,,,,,,,,,,,,,,,,
,,,,,,,,,,,,,,,,,,,,,,,,,,,,,,,,,,,,,,,,,,,,,,
,,,,,,,,,,,,,,,,,,,,,,,,,,,,,,,,,,,,,,,,,,,,,,
,,,,,,,,,,,,,,,,,,,,,,,,,,,,,,,,,,,,,,,,,,,,,,
,,,,,,,,,,,,,,,,,,,,,,,,,,,,,,,,,,,,,,,,,,,,,,
,,,,,,,,,,,,,,,,,,,,,,,,,,,,,,,,,,,,,,,,,,,,,,
,,,,,,,,,,,,,,,,,,,,,,,,,,,,,,,,,,,,,,,,,,,,,,
,,,,,,,,,,,,,,,,,,,,,,,,,,,,,,,,,,,,,,,,,,,,,,
,,,,,,,,,,,,,,,,,,,,,,,,,,,,,,,,,,,,,,,,,,,,,,
,,,,,,,,,,,,,,,,,,,,,,,,,,,,,,,,,,,,,,,,,,,,,,
,,,,,,,,,,,,,,,,,,,,,,,,,,,,,,,,,,,,,,,,,,,,,,
,,,,,,,,,,,,,,,,,,,,,,,,,,,,,,,,,,,,,,,,,,,,,,
,,,,,,,,,,,,,,,,,,,,,,,,,,,,,,,,,,,,,,,,,,,,,,
,,,,,,,,,,,,,,,,,,,,,,,,,,,,,,,,,,,,,,,,,,,,,,
,,,,,,,,,,,,,,,,,,,,,,,,,,,,,,,,,,,,,,,,,,,,,,
,,,,,,,,,,,,,,,,,,,,,,,,,,,,,,,,,,,,,,,,,,,,,,
,,,,,,,,,,,,,,,,,,,,,,,,,,,,,,,,,,,,,,,,,,,,,,
,,,,,,,,,,,,,,,,,,,,,,,,,,,,,,,,,,,,,,,,,,,,,,
,,,,,,,,,,,,,,,,,,,,,,,,,,,,,,,,,,,,,,,,,,,,,,
,,,,,,,,,,,,,,,,,,,,,,,,,,,,,,,,,,,,,,,,,,,,,,
,,,,,,,,,,,,,,,,,,,,,,,,,,,,,,,,,,,,,,,,,,,,,,
,,,,,,,,,,,,,,,,,,,,,,,,,,,,,,,,,,,,,,,,,,,,,,
,,,,,,,,,,,,,,,,,,,,,,,,,,,,,,,,,,,,,,,,,,,,,,
,,,,,,,,,,,,,,,,,,,,,,,,,,,,,,,,,,,,,,,,,,,,,,
,,,,,,,,,,,,,,,,,,,,,,,,,,,,,,,,,,,,,,,,,,,,,,
,,,,,,,,,,,,,,,,,,,,,,,,,,,,,,,,,,,,,,,,,,,,,,
,,,,,,,,,,,,,,,,,,,,,,,,,,,,,,,,,,,,,,,,,,,,,,
,,,,,,,,,,,,,,,,,,,,,,,,,,,,,,,,,,,,,,,,,,,,,,
,,,,,,,,,,,,,,,,,,,,,,,,,,,,,,,,,,,,,,,,,,,,,,
,,,,,,,,,,,,,,,,,,,,,,,,,,,,,,,,,,,,,,,,,,,,,,
,,,,,,,,,,,,,,,,,,,,,,,,,,,,,,,,,,,,,,,,,,,,,,
,,,,,,,,,,,,,,,,,,,,,,,,,,,,,,,,,,,,,,,,,,,,,,
,,,,,,,,,,,,,,,,,,,,,,,,,,,,,,,,,,,,,,,,,,,,,,
,,,,,,,,,,,,,,,,,,,,,,,,,,,,,,,,,,,,,,,,,,,,,,
,,,,,,,,,,,,,,,,,,,,,,,,,,,,,,,,,,,,,,,,,,,,,,
,,,,,,,,,,,,,,,,,,,,,,,,,,,,,,,,,,,,,,,,,,,,,,
,,,,,,,,,,,,,,,,,,,,,,,,,,,,,,,,,,,,,,,,,,,,,,
,,,,,,,,,,,,,,,,,,,,,,,,,,,,,,,,,,,,,,,,,,,,,,
,,,,,,,,,,,,,,,,,,,,,,,,,,,,,,,,,,,,,,,,,,,,,,
,,,,,,,,,,,,,,,,,,,,,,,,,,,,,,,,,,,,,,,,,,,,,,
,,,,,,,,,,,,,,,,,,,,,,,,,,,,,,,,,,,,,,,,,,,,,,
,,,,,,,,,,,,,,,,,,,,,,,,,,,,,,,,,,,,,,,,,,,,,,
,,,,,,,,,,,,,,,,,,,,,,,,,,,,,,,,,,,,,,,,,,,,,,
,,,,,,,,,,,,,,,,,,,,,,,,,,,,,,,,,,,,,,,,,,,,,,
,,,,,,,,,,,,,,,,,,,,,,,,,,,,,,,,,,,,,,,,,,,,,,
,,,,,,,,,,,,,,,,,,,,,,,,,,,,,,,,,,,,,,,,,,,,,,
,,,,,,,,,,,,,,,,,,,,,,,,,,,,,,,,,,,,,,,,,,,,,,
,,,,,,,,,,,,,,,,,,,,,,,,,,,,,,,,,,,,,,,,,,,,,,
,,,,,,,,,,,,,,,,,,,,,,,,,,,,,,,,,,,,,,,,,,,,,,
,,,,,,,,,,,,,,,,,,,,,,,,,,,,,,,,,,,,,,,,,,,,,,
,,,,,,,,,,,,,,,,,,,,,,,,,,,,,,,,,,,,,,,,,,,,,,
,,,,,,,,,,,,,,,,,,,,,,,,,,,,,,,,,,,,,,,,,,,,,,
,,,,,,,,,,,,,,,,,,,,,,,,,,,,,,,,,,,,,,,,,,,,,,
,,,,,,,,,,,,,,,,,,,,,,,,,,,,,,,,,,,,,,,,,,,,,,
,,,,,,,,,,,,,,,,,,,,,,,,,,,,,,,,,,,,,,,,,,,,,,
,,,,,,,,,,,,,,,,,,,,,,,,,,,,,,,,,,,,,,,,,,,,,,
,,,,,,,,,,,,,,,,,,,,,,,,,,,,,,,,,,,,,,,,,,,,,,
,,,,,,,,,,,,,,,,,,,,,,,,,,,,,,,,,,,,,,,,,,,,,,
,,,,,,,,,,,,,,,,,,,,,,,,,,,,,,,,,,,,,,,,,,,,,,
,,,,,,,,,,,,,,,,,,,,,,,,,,,,,,,,,,,,,,,,,,,,,,
,,,,,,,,,,,,,,,,,,,,,,,,,,,,,,,,,,,,,,,,,,,,,,
,,,,,,,,,,,,,,,,,,,,,,,,,,,,,,,,,,,,,,,,,,,,,,
,,,,,,,,,,,,,,,,,,,,,,,,,,,,,,,,,,,,,,,,,,,,,,
,,,,,,,,,,,,,,,,,,,,,,,,,,,,,,,,,,,,,,,,,,,,,,
,,,,,,,,,,,,,,,,,,,,,,,,,,,,,,,,,,,,,,,,,,,,,,
,,,,,,,,,,,,,,,,,,,,,,,,,,,,,,,,,,,,,,,,,,,,,,
,,,,,,,,,,,,,,,,,,,,,,,,,,,,,,,,,,,,,,,,,,,,,,
,,,,,,,,,,,,,,,,,,,,,,,,,,,,,,,,,,,,,,,,,,,,,,
,,,,,,,,,,,,,,,,,,,,,,,,,,,,,,,,,,,,,,,,,,,,,,
,,,,,,,,,,,,,,,,,,,,,,,,,,,,,,,,,,,,,,,,,,,,,,
,,,,,,,,,,,,,,,,,,,,,,,,,,,,,,,,,,,,,,,,,,,,,,
,,,,,,,,,,,,,,,,,,,,,,,,,,,,,,,,,,,,,,,,,,,,,,
,,,,,,,,,,,,,,,,,,,,,,,,,,,,,,,,,,,,,,,,,,,,,,
,,,,,,,,,,,,,,,,,,,,,,,,,,,,,,,,,,,,,,,,,,,,,,
,,,,,,,,,,,,,,,,,,,,,,,,,,,,,,,,,,,,,,,,,,,,,,
,,,,,,,,,,,,,,,,,,,,,,,,,,,,,,,,,,,,,,,,,,,,,,
,,,,,,,,,,,,,,,,,,,,,,,,,,,,,,,,,,,,,,,,,,,,,,
,,,,,,,,,,,,,,,,,,,,,,,,,,,,,,,,,,,,,,,,,,,,,,
,,,,,,,,,,,,,,,,,,,,,,,,,,,,,,,,,,,,,,,,,,,,,,
,,,,,,,,,,,,,,,,,,,,,,,,,,,,,,,,,,,,,,,,,,,,,,
,,,,,,,,,,,,,,,,,,,,,,,,,,,,,,,,,,,,,,,,,,,,,,
,,,,,,,,,,,,,,,,,,,,,,,,,,,,,,,,,,,,,,,,,,,,,,
,,,,,,,,,,,,,,,,,,,,,,,,,,,,,,,,,,,,,,,,,,,,,,
,,,,,,,,,,,,,,,,,,,,,,,,,,,,,,,,,,,,,,,,,,,,,,
,,,,,,,,,,,,,,,,,,,,,,,,,,,,,,,,,,,,,,,,,,,,,,
,,,,,,,,,,,,,,,,,,,,,,,,,,,,,,,,,,,,,,,,,,,,,,
,,,,,,,,,,,,,,,,,,,,,,,,,,,,,,,,,,,,,,,,,,,,,,
,,,,,,,,,,,,,,,,,,,,,,,,,,,,,,,,,,,,,,,,,,,,,,
,,,,,,,,,,,,,,,,,,,,,,,,,,,,,,,,,,,,,,,,,,,,,,
,,,,,,,,,,,,,,,,,,,,,,,,,,,,,,,,,,,,,,,,,,,,,,
,,,,,,,,,,,,,,,,,,,,,,,,,,,,,,,,,,,,,,,,,,,,,,
,,,,,,,,,,,,,,,,,,,,,,,,,,,,,,,,,,,,,,,,,,,,,,
,,,,,,,,,,,,,,,,,,,,,,,,,,,,,,,,,,,,,,,,,,,,,,
,,,,,,,,,,,,,,,,,,,,,,,,,,,,,,,,,,,,,,,,,,,,,,
,,,,,,,,,,,,,,,,,,,,,,,,,,,,,,,,,,,,,,,,,,,,,,
,,,,,,,,,,,,,,,,,,,,,,,,,,,,,,,,,,,,,,,,,,,,,,
,,,,,,,,,,,,,,,,,,,,,,,,,,,,,,,,,,,,,,,,,,,,,,
,,,,,,,,,,,,,,,,,,,,,,,,,,,,,,,,,,,,,,,,,,,,,,
,,,,,,,,,,,,,,,,,,,,,,,,,,,,,,,,,,,,,,,,,,,,,,
,,,,,,,,,,,,,,,,,,,,,,,,,,,,,,,,,,,,,,,,,,,,,,
,,,,,,,,,,,,,,,,,,,,,,,,,,,,,,,,,,,,,,,,,,,,,,
,,,,,,,,,,,,,,,,,,,,,,,,,,,,,,,,,,,,,,,,,,,,,,
,,,,,,,,,,,,,,,,,,,,,,,,,,,,,,,,,,,,,,,,,,,,,,
,,,,,,,,,,,,,,,,,,,,,,,,,,,,,,,,,,,,,,,,,,,,,,
,,,,,,,,,,,,,,,,,,,,,,,,,,,,,,,,,,,,,,,,,,,,,,
,,,,,,,,,,,,,,,,,,,,,,,,,,,,,,,,,,,,,,,,,,,,,,
,,,,,,,,,,,,,,,,,,,,,,,,,,,,,,,,,,,,,,,,,,,,,,
,,,,,,,,,,,,,,,,,,,,,,,,,,,,,,,,,,,,,,,,,,,,,,
,,,,,,,,,,,,,,,,,,,,,,,,,,,,,,,,,,,,,,,,,,,,,,
,,,,,,,,,,,,,,,,,,,,,,,,,,,,,,,,,,,,,,,,,,,,,,
,,,,,,,,,,,,,,,,,,,,,,,,,,,,,,,,,,,,,,,,,,,,,,
,,,,,,,,,,,,,,,,,,,,,,,,,,,,,,,,,,,,,,,,,,,,,,
,,,,,,,,,,,,,,,,,,,,,,,,,,,,,,,,,,,,,,,,,,,,,,
,,,,,,,,,,,,,,,,,,,,,,,,,,,,,,,,,,,,,,,,,,,,,,
,,,,,,,,,,,,,,,,,,,,,,,,,,,,,,,,,,,,,,,,,,,,,,
,,,,,,,,,,,,,,,,,,,,,,,,,,,,,,,,,,,,,,,,,,,,,,
,,,,,,,,,,,,,,,,,,,,,,,,,,,,,,,,,,,,,,,,,,,,,,
,,,,,,,,,,,,,,,,,,,,,,,,,,,,,,,,,,,,,,,,,,,,,,
,,,,,,,,,,,,,,,,,,,,,,,,,,,,,,,,,,,,,,,,,,,,,,
,,,,,,,,,,,,,,,,,,,,,,,,,,,,,,,,,,,,,,,,,,,,,,
,,,,,,,,,,,,,,,,,,,,,,,,,,,,,,,,,,,,,,,,,,,,,,
,,,,,,,,,,,,,,,,,,,,,,,,,,,,,,,,,,,,,,,,,,,,,,
,,,,,,,,,,,,,,,,,,,,,,,,,,,,,,,,,,,,,,,,,,,,,,
,,,,,,,,,,,,,,,,,,,,,,,,,,,,,,,,,,,,,,,,,,,,,,
,,,,,,,,,,,,,,,,,,,,,,,,,,,,,,,,,,,,,,,,,,,,,,
,,,,,,,,,,,,,,,,,,,,,,,,,,,,,,,,,,,,,,,,,,,,,,
,,,,,,,,,,,,,,,,,,,,,,,,,,,,,,,,,,,,,,,,,,,,,,